Workbook

Sheet ALMACEN
A1: NOMBRE | B1: CODIGO
A2: ALMACEN CENTRAL - 1 | B2: 1
A3: ALMACEN VENTAS - 2 | B3: 2

Sheet MARCA
A1: NOMBRE | B1: CODIGO
A2: GENERICOS - 1 | B2: 1

Sheet UNIDAD
A1: NOMBRE | B1: CODIGO
A2: BALDE - 3 | B2: 3
A3: BOLSA - 4 | B3: 4
A4: BOTELLAS - 5 | B4: 5
A5: CAJA - 6 | B5: 6
A6: CARTONES - 7 | B6: 7
A7: CILINDRO - 8 | B7: 8
A8: CONOS - 9 | B8: 9
A9: GRAMO - 10 | B9: 10
A10: JUEGO - 11 | B10: 11
A11: KILOGRAMO - 2 | B11: 2
A12: KILOMETRO - 12 | B12: 12
A13: KIT - 13 | B13: 13
... A21: UNIDADES - 1 | B21: 1

Sheet CATEGORIA
A1: NOMBRE | B1: CODIGO
A2: ABONOS - 2 | B2: 2
A3: ACCESORIOS - 3 | B3: 3
A4: ADHERENTE - 4 | B4: 4
A5: ALIMENTO DE AVES - 6 | B5: 6
A6: ALIMENTO DE GATOS - 7 | B6: 7
A7: ALIMENTO DE PERRO - 5 | B7: 5
A8: ANTIBIOTICOS - 8 | B8: 8
A9: ANTIPARASITARIOS - 9 | B9: 9
A10: FERTELIZANTE - 10 | B10: 10
A11: FUNGIDA - 12 | B11: 12
A12: HERBICIDA - 13 | B12: 13
A13: INSECTICIDAS - 14 | B13: 14
... A19: VITAMINAS - 18 | B19: 18

Sheet TIPO_ARTICULO
A1: NOMBRE | B1: CODIGO
A2: PRODUCTO - 1 | B2: 1
A3: SERVICIO - 2 | B3: 2

Sheet TIPO_IGV
A1: NOMBRE | B1: CODIGO
A2: BONIFICACION - 2 | B2: 2
A3: DOLAR - 3 | B3: 3
A4: Exonerado Operacin onerosa - 4 | B4: 4
A5: GRAVADO - 1 | B5: 1

Sheet PRODUCTOS
A1: ALMACEN | C1: MARCA | E1: UNIDAD | G1: CATEGORIA | I1: TIPO_ARTICULO | K1: TIPO_IGV | M1: NOMBRE PRODUCTO | N1: PRECIO COMPRA | O1: PRECIO VENTA | P1: PRECIO MAYOR | Q1: PRECIO ESPECIAL | R1: STOCK MÍNIMO | S1: STOCK | T1: CÓDIGO DE BARRAS
A2: ALMACEN CENTRAL - 1 | B2: =VLOOKUP(A2,ALMACEN!A2:B3,2,FALSE) -> 1 | C2: GENERICOS - 1 | D2: =VLOOKUP(C2,MARCA!A2:B2,2,FALSE) -> 1 | E2: CILINDRO - 8 | F2: =VLOOKUP(E2,UNIDAD!A2:B21,2,FALSE) -> 8 | G2: ALIMENTO DE GATOS - 7 | H2: =VLOOKUP(G2,CATEGORIA!A2:B19,2,FALSE) -> 7 | I2: PRODUCTO - 1 | J2: =VLOOKUP(I2,TIPO_ARTICULO!A2:B3,2,FALSE) -> 1 | K2: GRAVADO - 1 | L2: =VLOOKUP(K2,TIPO_IGV!A2:B5,2,FALSE) -> 1 | M2: PRODUCTO PRUEBA 2 | N2: 1 | O2: 1 | P2: 1 | Q2: 1 | R2: 1 | S2: 1 | T2: 12312
B3: =VLOOKUP(A3,ALMACEN!A2:B3,2,FALSE) -> #N/A | D3: =VLOOKUP(C3,MARCA!A2:B2,2,FALSE) -> #N/A | F3: =VLOOKUP(E3,UNIDAD!A2:B21,2,FALSE) -> #N/A | H3: =VLOOKUP(G3,CATEGORIA!A2:B19,2,FALSE) -> #N/A | J3: =VLOOKUP(I3,TIPO_ARTICULO!A2:B3,2,FALSE) -> #N/A | L3: =VLOOKUP(K3,TIPO_IGV!A2:B5,2,FALSE) -> #N/A
B4: =VLOOKUP(A4,ALMACEN!A2:B3,2,FALSE) -> #N/A | D4: =VLOOKUP(C4,MARCA!A2:B2,2,FALSE) -> #N/A | F4: =VLOOKUP(E4,UNIDAD!A2:B21,2,FALSE) -> #N/A | H4: =VLOOKUP(G4,CATEGORIA!A2:B19,2,FALSE) -> #N/A | J4: =VLOOKUP(I4,TIPO_ARTICULO!A2:B3,2,FALSE) -> #N/A | L4: =VLOOKUP(K4,TIPO_IGV!A2:B5,2,FALSE) -> #N/A
B5: =VLOOKUP(A5,ALMACEN!A2:B3,2,FALSE) -> #N/A | D5: =VLOOKUP(C5,MARCA!A2:B2,2,FALSE) -> #N/A | F5: =VLOOKUP(E5,UNIDAD!A2:B21,2,FALSE) -> #N/A | H5: =VLOOKUP(G5,CATEGORIA!A2:B19,2,FALSE) -> #N/A | J5: =VLOOKUP(I5,TIPO_ARTICULO!A2:B3,2,FALSE) -> #N/A | L5: =VLOOKUP(K5,TIPO_IGV!A2:B5,2,FALSE) -> #N/A
B6: =VLOOKUP(A6,ALMACEN!A2:B3,2,FALSE) -> #N/A | D6: =VLOOKUP(C6,MARCA!A2:B2,2,FALSE) -> #N/A | F6: =VLOOKUP(E6,UNIDAD!A2:B21,2,FALSE) -> #N/A | H6: =VLOOKUP(G6,CATEGORIA!A2:B19,2,FALSE) -> #N/A | J6: =VLOOKUP(I6,TIPO_ARTICULO!A2:B3,2,FALSE) -> #N/A | L6: =VLOOKUP(K6,TIPO_IGV!A2:B5,2,FALSE) -> #N/A
B7: =VLOOKUP(A7,ALMACEN!A2:B3,2,FALSE) -> #N/A | D7: =VLOOKUP(C7,MARCA!A2:B2,2,FALSE) -> #N/A | F7: =VLOOKUP(E7,UNIDAD!A2:B21,2,FALSE) -> #N/A | H7: =VLOOKUP(G7,CATEGORIA!A2:B19,2,FALSE) -> #N/A | J7: =VLOOKUP(I7,TIPO_ARTICULO!A2:B3,2,FALSE) -> #N/A | L7: =VLOOKUP(K7,TIPO_IGV!A2:B5,2,FALSE) -> #N/A
B8: =VLOOKUP(A8,ALMACEN!A2:B3,2,FALSE) -> #N/A | D8: =VLOOKUP(C8,MARCA!A2:B2,2,FALSE) -> #N/A | F8: =VLOOKUP(E8,UNIDAD!A2:B21,2,FALSE) -> #N/A | H8: =VLOOKUP(G8,CATEGORIA!A2:B19,2,FALSE) -> #N/A | J8: =VLOOKUP(I8,TIPO_ARTICULO!A2:B3,2,FALSE) -> #N/A | L8: =VLOOKUP(K8,TIPO_IGV!A2:B5,2,FALSE) -> #N/A
B9: =VLOOKUP(A9,ALMACEN!A2:B3,2,FALSE) -> #N/A | D9: =VLOOKUP(C9,MARCA!A2:B2,2,FALSE) -> #N/A | F9: =VLOOKUP(E9,UNIDAD!A2:B21,2,FALSE) -> #N/A | H9: =VLOOKUP(G9,CATEGORIA!A2:B19,2,FALSE) -> #N/A | J9: =VLOOKUP(I9,TIPO_ARTICULO!A2:B3,2,FALSE) -> #N/A | L9: =VLOOKUP(K9,TIPO_IGV!A2:B5,2,FALSE) -> #N/A
B10: =VLOOKUP(A10,ALMACEN!A2:B3,2,FALSE) -> #N/A | D10: =VLOOKUP(C10,MARCA!A2:B2,2,FALSE) -> #N/A | F10: =VLOOKUP(E10,UNIDAD!A2:B21,2,FALSE) -> #N/A | H10: =VLOOKUP(G10,CATEGORIA!A2:B19,2,FALSE) -> #N/A | J10: =VLOOKUP(I10,TIPO_ARTICULO!A2:B3,2,FALSE) -> #N/A | L10: =VLOOKUP(K10,TIPO_IGV!A2:B5,2,FALSE) -> #N/A
B11: =VLOOKUP(A11,ALMACEN!A2:B3,2,FALSE) -> #N/A | D11: =VLOOKUP(C11,MARCA!A2:B2,2,FALSE) -> #N/A | F11: =VLOOKUP(E11,UNIDAD!A2:B21,2,FALSE) -> #N/A | H11: =VLOOKUP(G11,CATEGORIA!A2:B19,2,FALSE) -> #N/A | J11: =VLOOKUP(I11,TIPO_ARTICULO!A2:B3,2,FALSE) -> #N/A | L11: =VLOOKUP(K11,TIPO_IGV!A2:B5,2,FALSE) -> #N/A
B12: =VLOOKUP(A12,ALMACEN!A2:B3,2,FALSE) -> #N/A | D12: =VLOOKUP(C12,MARCA!A2:B2,2,FALSE) -> #N/A | F12: =VLOOKUP(E12,UNIDAD!A2:B21,2,FALSE) -> #N/A | H12: =VLOOKUP(G12,CATEGORIA!A2:B19,2,FALSE) -> #N/A | J12: =VLOOKUP(I12,TIPO_ARTICULO!A2:B3,2,FALSE) -> #N/A | L12: =VLOOKUP(K12,TIPO_IGV!A2:B5,2,FALSE) -> #N/A
B13: =VLOOKUP(A13,ALMACEN!A2:B3,2,FALSE) -> #N/A | D13: =VLOOKUP(C13,MARCA!A2:B2,2,FALSE) -> #N/A | F13: =VLOOKUP(E13,UNIDAD!A2:B21,2,FALSE) -> #N/A | H13: =VLOOKUP(G13,CATEGORIA!A2:B19,2,FALSE) -> #N/A | J13: =VLOOKUP(I13,TIPO_ARTICULO!A2:B3,2,FALSE) -> #N/A | L13: =VLOOKUP(K13,TIPO_IGV!A2:B5,2,FALSE) -> #N/A
B14: =VLOOKUP(A14,ALMACEN!A2:B3,2,FALSE) -> #N/A | D14: =VLOOKUP(C14,MARCA!A2:B2,2,FALSE) -> #N/A | F14: =VLOOKUP(E14,UNIDAD!A2:B21,2,FALSE) -> #N/A | H14: =VLOOKUP(G14,CATEGORIA!A2:B19,2,FALSE) -> #N/A | J14: =VLOOKUP(I14,TIPO_ARTICULO!A2:B3,2,FALSE) -> #N/A | L14: =VLOOKUP(K14,TIPO_IGV!A2:B5,2,FALSE) -> #N/A
B15: =VLOOKUP(A15,ALMACEN!A2:B3,2,FALSE) -> #N/A | D15: =VLOOKUP(C15,MARCA!A2:B2,2,FALSE) -> #N/A | F15: =VLOOKUP(E15,UNIDAD!A2:B21,2,FALSE) -> #N/A | H15: =VLOOKUP(G15,CATEGORIA!A2:B19,2,FALSE) -> #N/A | J15: =VLOOKUP(I15,TIPO_ARTICULO!A2:B3,2,FALSE) -> #N/A | L15: =VLOOKUP(K15,TIPO_IGV!A2:B5,2,FALSE) -> #N/A
B16: =VLOOKUP(A16,ALMACEN!A2:B3,2,FALSE) -> #N/A | D16: =VLOOKUP(C16,MARCA!A2:B2,2,FALSE) -> #N/A | F16: =VLOOKUP(E16,UNIDAD!A2:B21,2,FALSE) -> #N/A | H16: =VLOOKUP(G16,CATEGORIA!A2:B19,2,FALSE) -> #N/A | J16: =VLOOKUP(I16,TIPO_ARTICULO!A2:B3,2,FALSE) -> #N/A | L16: =VLOOKUP(K16,TIPO_IGV!A2:B5,2,FALSE) -> #N/A
B17: =VLOOKUP(A17,ALMACEN!A2:B3,2,FALSE) -> #N/A | D17: =VLOOKUP(C17,MARCA!A2:B2,2,FALSE) -> #N/A | F17: =VLOOKUP(E17,UNIDAD!A2:B21,2,FALSE) -> #N/A | H17: =VLOOKUP(G17,CATEGORIA!A2:B19,2,FALSE) -> #N/A | J17: =VLOOKUP(I17,TIPO_ARTICULO!A2:B3,2,FALSE) -> #N/A | L17: =VLOOKUP(K17,TIPO_IGV!A2:B5,2,FALSE) -> #N/A
B18: =VLOOKUP(A18,ALMACEN!A2:B3,2,FALSE) -> #N/A | D18: =VLOOKUP(C18,MARCA!A2:B2,2,FALSE) -> #N/A | F18: =VLOOKUP(E18,UNIDAD!A2:B21,2,FALSE) -> #N/A | H18: =VLOOKUP(G18,CATEGORIA!A2:B19,2,FALSE) -> #N/A | J18: =VLOOKUP(I18,TIPO_ARTICULO!A2:B3,2,FALSE) -> #N/A | L18: =VLOOKUP(K18,TIPO_IGV!A2:B5,2,FALSE) -> #N/A
B19: =VLOOKUP(A19,ALMACEN!A2:B3,2,FALSE) -> #N/A | D19: =VLOOKUP(C19,MARCA!A2:B2,2,FALSE) -> #N/A | F19: =VLOOKUP(E19,UNIDAD!A2:B21,2,FALSE) -> #N/A | H19: =VLOOKUP(G19,CATEGORIA!A2:B19,2,FALSE) -> #N/A | J19: =VLOOKUP(I19,TIPO_ARTICULO!A2:B3,2,FALSE) -> #N/A | L19: =VLOOKUP(K19,TIPO_IGV!A2:B5,2,FALSE) -> #N/A
B20: =VLOOKUP(A20,ALMACEN!A2:B3,2,FALSE) -> #N/A | D20: =VLOOKUP(C20,MARCA!A2:B2,2,FALSE) -> #N/A | F20: =VLOOKUP(E20,UNIDAD!A2:B21,2,FALSE) -> #N/A | H20: =VLOOKUP(G20,CATEGORIA!A2:B19,2,FALSE) -> #N/A | J20: =VLOOKUP(I20,TIPO_ARTICULO!A2:B3,2,FALSE) -> #N/A | L20: =VLOOKUP(K20,TIPO_IGV!A2:B5,2,FALSE) -> #N/A
B21: =VLOOKUP(A21,ALMACEN!A2:B3,2,FALSE) -> #N/A | D21: =VLOOKUP(C21,MARCA!A2:B2,2,FALSE) -> #N/A | F21: =VLOOKUP(E21,UNIDAD!A2:B21,2,FALSE) -> #N/A | H21: =VLOOKUP(G21,CATEGORIA!A2:B19,2,FALSE) -> #N/A | J21: =VLOOKUP(I21,TIPO_ARTICULO!A2:B3,2,FALSE) -> #N/A | L21: =VLOOKUP(K21,TIPO_IGV!A2:B5,2,FALSE) -> #N/A
B22: =VLOOKUP(A22,ALMACEN!A2:B3,2,FALSE) -> #N/A | D22: =VLOOKUP(C22,MARCA!A2:B2,2,FALSE) -> #N/A | F22: =VLOOKUP(E22,UNIDAD!A2:B21,2,FALSE) -> #N/A | H22: =VLOOKUP(G22,CATEGORIA!A2:B19,2,FALSE) -> #N/A | J22: =VLOOKUP(I22,TIPO_ARTICULO!A2:B3,2,FALSE) -> #N/A | L22: =VLOOKUP(K22,TIPO_IGV!A2:B5,2,FALSE) -> #N/A
B23: =VLOOKUP(A23,ALMACEN!A2:B3,2,FALSE) -> #N/A | D23: =VLOOKUP(C23,MARCA!A2:B2,2,FALSE) -> #N/A | F23: =VLOOKUP(E23,UNIDAD!A2:B21,2,FALSE) -> #N/A | H23: =VLOOKUP(G23,CATEGORIA!A2:B19,2,FALSE) -> #N/A | J23: =VLOOKUP(I23,TIPO_ARTICULO!A2:B3,2,FALSE) -> #N/A | L23: =VLOOKUP(K23,TIPO_IGV!A2:B5,2,FALSE) -> #N/A
B24: =VLOOKUP(A24,ALMACEN!A2:B3,2,FALSE) -> #N/A | D24: =VLOOKUP(C24,MARCA!A2:B2,2,FALSE) -> #N/A | F24: =VLOOKUP(E24,UNIDAD!A2:B21,2,FALSE) -> #N/A | H24: =VLOOKUP(G24,CATEGORIA!A2:B19,2,FALSE) -> #N/A | J24: =VLOOKUP(I24,TIPO_ARTICULO!A2:B3,2,FALSE) -> #N/A | L24: =VLOOKUP(K24,TIPO_IGV!A2:B5,2,FALSE) -> #N/A
B25: =VLOOKUP(A25,ALMACEN!A2:B3,2,FALSE) -> #N/A | D25: =VLOOKUP(C25,MARCA!A2:B2,2,FALSE) -> #N/A | F25: =VLOOKUP(E25,UNIDAD!A2:B21,2,FALSE) -> #N/A | H25: =VLOOKUP(G25,CATEGORIA!A2:B19,2,FALSE) -> #N/A | J25: =VLOOKUP(I25,TIPO_ARTICULO!A2:B3,2,FALSE) -> #N/A | L25: =VLOOKUP(K25,TIPO_IGV!A2:B5,2,FALSE) -> #N/A
B26: =VLOOKUP(A26,ALMACEN!A2:B3,2,FALSE) -> #N/A | D26: =VLOOKUP(C26,MARCA!A2:B2,2,FALSE) -> #N/A | F26: =VLOOKUP(E26,UNIDAD!A2:B21,2,FALSE) -> #N/A | H26: =VLOOKUP(G26,CATEGORIA!A2:B19,2,FALSE) -> #N/A | J26: =VLOOKUP(I26,TIPO_ARTICULO!A2:B3,2,FALSE) -> #N/A | L26: =VLOOKUP(K26,TIPO_IGV!A2:B5,2,FALSE) -> #N/A
B27: =VLOOKUP(A27,ALMACEN!A2:B3,2,FALSE) -> #N/A | D27: =VLOOKUP(C27,MARCA!A2:B2,2,FALSE) -> #N/A | F27: =VLOOKUP(E27,UNIDAD!A2:B21,2,FALSE) -> #N/A | H27: =VLOOKUP(G27,CATEGORIA!A2:B19,2,FALSE) -> #N/A | J27: =VLOOKUP(I27,TIPO_ARTICULO!A2:B3,2,FALSE) -> #N/A | L27: =VLOOKUP(K27,TIPO_IGV!A2:B5,2,FALSE) -> #N/A
B28: =VLOOKUP(A28,ALMACEN!A2:B3,2,FALSE) -> #N/A | D28: =VLOOKUP(C28,MARCA!A2:B2,2,FALSE) -> #N/A | F28: =VLOOKUP(E28,UNIDAD!A2:B21,2,FALSE) -> #N/A | H28: =VLOOKUP(G28,CATEGORIA!A2:B19,2,FALSE) -> #N/A | J28: =VLOOKUP(I28,TIPO_ARTICULO!A2:B3,2,FALSE) -> #N/A | L28: =VLOOKUP(K28,TIPO_IGV!A2:B5,2,FALSE) -> #N/A
B29: =VLOOKUP(A29,ALMACEN!A2:B3,2,FALSE) -> #N/A | D29: =VLOOKUP(C29,MARCA!A2:B2,2,FALSE) -> #N/A | F29: =VLOOKUP(E29,UNIDAD!A2:B21,2,FALSE) -> #N/A | H29: =VLOOKUP(G29,CATEGORIA!A2:B19,2,FALSE) -> #N/A | J29: =VLOOKUP(I29,TIPO_ARTICULO!A2:B3,2,FALSE) -> #N/A | L29: =VLOOKUP(K29,TIPO_IGV!A2:B5,2,FALSE) -> #N/A
B30: =VLOOKUP(A30,ALMACEN!A2:B3,2,FALSE) -> #N/A | D30: =VLOOKUP(C30,MARCA!A2:B2,2,FALSE) -> #N/A | F30: =VLOOKUP(E30,UNIDAD!A2:B21,2,FALSE) -> #N/A | H30: =VLOOKUP(G30,CATEGORIA!A2:B19,2,FALSE) -> #N/A | J30: =VLOOKUP(I30,TIPO_ARTICULO!A2:B3,2,FALSE) -> #N/A | L30: =VLOOKUP(K30,TIPO_IGV!A2:B5,2,FALSE) -> #N/A
B31: =VLOOKUP(A31,ALMACEN!A2:B3,2,FALSE) -> #N/A | D31: =VLOOKUP(C31,MARCA!A2:B2,2,FALSE) -> #N/A | F31: =VLOOKUP(E31,UNIDAD!A2:B21,2,FALSE) -> #N/A | H31: =VLOOKUP(G31,CATEGORIA!A2:B19,2,FALSE) -> #N/A | J31: =VLOOKUP(I31,TIPO_ARTICULO!A2:B3,2,FALSE) -> #N/A | L31: =VLOOKUP(K31,TIPO_IGV!A2:B5,2,FALSE) -> #N/A
B32: =VLOOKUP(A32,ALMACEN!A2:B3,2,FALSE) -> #N/A | D32: =VLOOKUP(C32,MARCA!A2:B2,2,FALSE) -> #N/A | F32: =VLOOKUP(E32,UNIDAD!A2:B21,2,FALSE) -> #N/A | H32: =VLOOKUP(G32,CATEGORIA!A2:B19,2,FALSE) -> #N/A | J32: =VLOOKUP(I32,TIPO_ARTICULO!A2:B3,2,FALSE) -> #N/A | L32: =VLOOKUP(K32,TIPO_IGV!A2:B5,2,FALSE) -> #N/A
B33: =VLOOKUP(A33,ALMACEN!A2:B3,2,FALSE) -> #N/A | D33: =VLOOKUP(C33,MARCA!A2:B2,2,FALSE) -> #N/A | F33: =VLOOKUP(E33,UNIDAD!A2:B21,2,FALSE) -> #N/A | H33: =VLOOKUP(G33,CATEGORIA!A2:B19,2,FALSE) -> #N/A | J33: =VLOOKUP(I33,TIPO_ARTICULO!A2:B3,2,FALSE) -> #N/A | L33: =VLOOKUP(K33,TIPO_IGV!A2:B5,2,FALSE) -> #N/A
B34: =VLOOKUP(A34,ALMACEN!A2:B3,2,FALSE) -> #N/A | D34: =VLOOKUP(C34,MARCA!A2:B2,2,FALSE) -> #N/A | F34: =VLOOKUP(E34,UNIDAD!A2:B21,2,FALSE) -> #N/A | H34: =VLOOKUP(G34,CATEGORIA!A2:B19,2,FALSE) -> #N/A | J34: =VLOOKUP(I34,TIPO_ARTICULO!A2:B3,2,FALSE) -> #N/A | L34: =VLOOKUP(K34,TIPO_IGV!A2:B5,2,FALSE) -> #N/A
B35: =VLOOKUP(A35,ALMACEN!A2:B3,2,FALSE) -> #N/A | D35: =VLOOKUP(C35,MARCA!A2:B2,2,FALSE) -> #N/A | F35: =VLOOKUP(E35,UNIDAD!A2:B21,2,FALSE) -> #N/A | H35: =VLOOKUP(G35,CATEGORIA!A2:B19,2,FALSE) -> #N/A | J35: =VLOOKUP(I35,TIPO_ARTICULO!A2:B3,2,FALSE) -> #N/A | L35: =VLOOKUP(K35,TIPO_IGV!A2:B5,2,FALSE) -> #N/A
B36: =VLOOKUP(A36,ALMACEN!A2:B3,2,FALSE) -> #N/A | D36: =VLOOKUP(C36,MARCA!A2:B2,2,FALSE) -> #N/A | F36: =VLOOKUP(E36,UNIDAD!A2:B21,2,FALSE) -> #N/A | H36: =VLOOKUP(G36,CATEGORIA!A2:B19,2,FALSE) -> #N/A | J36: =VLOOKUP(I36,TIPO_ARTICULO!A2:B3,2,FALSE) -> #N/A | L36: =VLOOKUP(K36,TIPO_IGV!A2:B5,2,FALSE) -> #N/A
B37: =VLOOKUP(A37,ALMACEN!A2:B3,2,FALSE) -> #N/A | D37: =VLOOKUP(C37,MARCA!A2:B2,2,FALSE) -> #N/A | F37: =VLOOKUP(E37,UNIDAD!A2:B21,2,FALSE) -> #N/A | H37: =VLOOKUP(G37,CATEGORIA!A2:B19,2,FALSE) -> #N/A | J37: =VLOOKUP(I37,TIPO_ARTICULO!A2:B3,2,FALSE) -> #N/A | L37: =VLOOKUP(K37,TIPO_IGV!A2:B5,2,FALSE) -> #N/A
B38: =VLOOKUP(A38,ALMACEN!A2:B3,2,FALSE) -> #N/A | D38: =VLOOKUP(C38,MARCA!A2:B2,2,FALSE) -> #N/A | F38: =VLOOKUP(E38,UNIDAD!A2:B21,2,FALSE) -> #N/A | H38: =VLOOKUP(G38,CATEGORIA!A2:B19,2,FALSE) -> #N/A | J38: =VLOOKUP(I38,TIPO_ARTICULO!A2:B3,2,FALSE) -> #N/A | L38: =VLOOKUP(K38,TIPO_IGV!A2:B5,2,FALSE) -> #N/A
B39: =VLOOKUP(A39,ALMACEN!A2:B3,2,FALSE) -> #N/A | D39: =VLOOKUP(C39,MARCA!A2:B2,2,FALSE) -> #N/A | F39: =VLOOKUP(E39,UNIDAD!A2:B21,2,FALSE) -> #N/A | H39: =VLOOKUP(G39,CATEGORIA!A2:B19,2,FALSE) -> #N/A | J39: =VLOOKUP(I39,TIPO_ARTICULO!A2:B3,2,FALSE) -> #N/A | L39: =VLOOKUP(K39,TIPO_IGV!A2:B5,2,FALSE) -> #N/A
B40: =VLOOKUP(A40,ALMACEN!A2:B3,2,FALSE) -> #N/A | D40: =VLOOKUP(C40,MARCA!A2:B2,2,FALSE) -> #N/A | F40: =VLOOKUP(E40,UNIDAD!A2:B21,2,FALSE) -> #N/A | H40: =VLOOKUP(G40,CATEGORIA!A2:B19,2,FALSE) -> #N/A | J40: =VLOOKUP(I40,TIPO_ARTICULO!A2:B3,2,FALSE) -> #N/A | L40: =VLOOKUP(K40,TIPO_IGV!A2:B5,2,FALSE) -> #N/A
B41: =VLOOKUP(A41,ALMACEN!A2:B3,2,FALSE) -> #N/A | D41: =VLOOKUP(C41,MARCA!A2:B2,2,FALSE) -> #N/A | F41: =VLOOKUP(E41,UNIDAD!A2:B21,2,FALSE) -> #N/A | H41: =VLOOKUP(G41,CATEGORIA!A2:B19,2,FALSE) -> #N/A | J41: =VLOOKUP(I41,TIPO_ARTICULO!A2:B3,2,FALSE) -> #N/A | L41: =VLOOKUP(K41,TIPO_IGV!A2:B5,2,FALSE) -> #N/A
B42: =VLOOKUP(A42,ALMACEN!A2:B3,2,FALSE) -> #N/A | D42: =VLOOKUP(C42,MARCA!A2:B2,2,FALSE) -> #N/A | F42: =VLOOKUP(E42,UNIDAD!A2:B21,2,FALSE) -> #N/A | H42: =VLOOKUP(G42,CATEGORIA!A2:B19,2,FALSE) -> #N/A | J42: =VLOOKUP(I42,TIPO_ARTICULO!A2:B3,2,FALSE) -> #N/A | L42: =VLOOKUP(K42,TIPO_IGV!A2:B5,2,FALSE) -> #N/A
B43: =VLOOKUP(A43,ALMACEN!A2:B3,2,FALSE) -> #N/A | D43: =VLOOKUP(C43,MARCA!A2:B2,2,FALSE) -> #N/A | F43: =VLOOKUP(E43,UNIDAD!A2:B21,2,FALSE) -> #N/A | H43: =VLOOKUP(G43,CATEGORIA!A2:B19,2,FALSE) -> #N/A | J43: =VLOOKUP(I43,TIPO_ARTICULO!A2:B3,2,FALSE) -> #N/A | L43: =VLOOKUP(K43,TIPO_IGV!A2:B5,2,FALSE) -> #N/A
B44: =VLOOKUP(A44,ALMACEN!A2:B3,2,FALSE) -> #N/A | D44: =VLOOKUP(C44,MARCA!A2:B2,2,FALSE) -> #N/A | F44: =VLOOKUP(E44,UNIDAD!A2:B21,2,FALSE) -> #N/A | H44: =VLOOKUP(G44,CATEGORIA!A2:B19,2,FALSE) -> #N/A | J44: =VLOOKUP(I44,TIPO_ARTICULO!A2:B3,2,FALSE) -> #N/A | L44: =VLOOKUP(K44,TIPO_IGV!A2:B5,2,FALSE) -> #N/A
B45: =VLOOKUP(A45,ALMACEN!A2:B3,2,FALSE) -> #N/A | D45: =VLOOKUP(C45,MARCA!A2:B2,2,FALSE) -> #N/A | F45: =VLOOKUP(E45,UNIDAD!A2:B21,2,FALSE) -> #N/A | H45: =VLOOKUP(G45,CATEGORIA!A2:B19,2,FALSE) -> #N/A | J45: =VLOOKUP(I45,TIPO_ARTICULO!A2:B3,2,FALSE) -> #N/A | L45: =VLOOKUP(K45,TIPO_IGV!A2:B5,2,FALSE) -> #N/A
B46: =VLOOKUP(A46,ALMACEN!A2:B3,2,FALSE) -> #N/A | D46: =VLOOKUP(C46,MARCA!A2:B2,2,FALSE) -> #N/A | F46: =VLOOKUP(E46,UNIDAD!A2:B21,2,FALSE) -> #N/A | H46: =VLOOKUP(G46,CATEGORIA!A2:B19,2,FALSE) -> #N/A | J46: =VLOOKUP(I46,TIPO_ARTICULO!A2:B3,2,FALSE) -> #N/A | L46: =VLOOKUP(K46,TIPO_IGV!A2:B5,2,FALSE) -> #N/A
B47: =VLOOKUP(A47,ALMACEN!A2:B3,2,FALSE) -> #N/A | D47: =VLOOKUP(C47,MARCA!A2:B2,2,FALSE) -> #N/A | F47: =VLOOKUP(E47,UNIDAD!A2:B21,2,FALSE) -> #N/A | H47: =VLOOKUP(G47,CATEGORIA!A2:B19,2,FALSE) -> #N/A | J47: =VLOOKUP(I47,TIPO_ARTICULO!A2:B3,2,FALSE) -> #N/A | L47: =VLOOKUP(K47,TIPO_IGV!A2:B5,2,FALSE) -> #N/A
B48: =VLOOKUP(A48,ALMACEN!A2:B3,2,FALSE) -> #N/A | D48: =VLOOKUP(C48,MARCA!A2:B2,2,FALSE) -> #N/A | F48: =VLOOKUP(E48,UNIDAD!A2:B21,2,FALSE) -> #N/A | H48: =VLOOKUP(G48,CATEGORIA!A2:B19,2,FALSE) -> #N/A | J48: =VLOOKUP(I48,TIPO_ARTICULO!A2:B3,2,FALSE) -> #N/A | L48: =VLOOKUP(K48,TIPO_IGV!A2:B5,2,FALSE) -> #N/A
B49: =VLOOKUP(A49,ALMACEN!A2:B3,2,FALSE) -> #N/A | D49: =VLOOKUP(C49,MARCA!A2:B2,2,FALSE) -> #N/A | F49: =VLOOKUP(E49,UNIDAD!A2:B21,2,FALSE) -> #N/A | H49: =VLOOKUP(G49,CATEGORIA!A2:B19,2,FALSE) -> #N/A | J49: =VLOOKUP(I49,TIPO_ARTICULO!A2:B3,2,FALSE) -> #N/A | L49: =VLOOKUP(K49,TIPO_IGV!A2:B5,2,FALSE) -> #N/A
B50: =VLOOKUP(A50,ALMACEN!A2:B3,2,FALSE) -> #N/A | D50: =VLOOKUP(C50,MARCA!A2:B2,2,FALSE) -> #N/A | F50: =VLOOKUP(E50,UNIDAD!A2:B21,2,FALSE) -> #N/A | H50: =VLOOKUP(G50,CATEGORIA!A2:B19,2,FALSE) -> #N/A | J50: =VLOOKUP(I50,TIPO_ARTICULO!A2:B3,2,FALSE) -> #N/A | L50: =VLOOKUP(K50,TIPO_IGV!A2:B5,2,FALSE) -> #N/A
B51: =VLOOKUP(A51,ALMACEN!A2:B3,2,FALSE) -> #N/A | D51: =VLOOKUP(C51,MARCA!A2:B2,2,FALSE) -> #N/A | F51: =VLOOKUP(E51,UNIDAD!A2:B21,2,FALSE) -> #N/A | H51: =VLOOKUP(G51,CATEGORIA!A2:B19,2,FALSE) -> #N/A | J51: =VLOOKUP(I51,TIPO_ARTICULO!A2:B3,2,FALSE) -> #N/A | L51: =VLOOKUP(K51,TIPO_IGV!A2:B5,2,FALSE) -> #N/A
B52: =VLOOKUP(A52,ALMACEN!A2:B3,2,FALSE) -> #N/A | D52: =VLOOKUP(C52,MARCA!A2:B2,2,FALSE) -> #N/A | F52: =VLOOKUP(E52,UNIDAD!A2:B21,2,FALSE) -> #N/A | H52: =VLOOKUP(G52,CATEGORIA!A2:B19,2,FALSE) -> #N/A | J52: =VLOOKUP(I52,TIPO_ARTICULO!A2:B3,2,FALSE) -> #N/A | L52: =VLOOKUP(K52,TIPO_IGV!A2:B5,2,FALSE) -> #N/A
B53: =VLOOKUP(A53,ALMACEN!A2:B3,2,FALSE) -> #N/A | D53: =VLOOKUP(C53,MARCA!A2:B2,2,FALSE) -> #N/A | F53: =VLOOKUP(E53,UNIDAD!A2:B21,2,FALSE) -> #N/A | H53: =VLOOKUP(G53,CATEGORIA!A2:B19,2,FALSE) -> #N/A | J53: =VLOOKUP(I53,TIPO_ARTICULO!A2:B3,2,FALSE) -> #N/A | L53: =VLOOKUP(K53,TIPO_IGV!A2:B5,2,FALSE) -> #N/A
B54: =VLOOKUP(A54,ALMACEN!A2:B3,2,FALSE) -> #N/A | D54: =VLOOKUP(C54,MARCA!A2:B2,2,FALSE) -> #N/A | F54: =VLOOKUP(E54,UNIDAD!A2:B21,2,FALSE) -> #N/A | H54: =VLOOKUP(G54,CATEGORIA!A2:B19,2,FALSE) -> #N/A | J54: =VLOOKUP(I54,TIPO_ARTICULO!A2:B3,2,FALSE) -> #N/A | L54: =VLOOKUP(K54,TIPO_IGV!A2:B5,2,FALSE) -> #N/A
B55: =VLOOKUP(A55,ALMACEN!A2:B3,2,FALSE) -> #N/A | D55: =VLOOKUP(C55,MARCA!A2:B2,2,FALSE) -> #N/A | F55: =VLOOKUP(E55,UNIDAD!A2:B21,2,FALSE) -> #N/A | H55: =VLOOKUP(G55,CATEGORIA!A2:B19,2,FALSE) -> #N/A | J55: =VLOOKUP(I55,TIPO_ARTICULO!A2:B3,2,FALSE) -> #N/A | L55: =VLOOKUP(K55,TIPO_IGV!A2:B5,2,FALSE) -> #N/A
B56: =VLOOKUP(A56,ALMACEN!A2:B3,2,FALSE) -> #N/A | D56: =VLOOKUP(C56,MARCA!A2:B2,2,FALSE) -> #N/A | F56: =VLOOKUP(E56,UNIDAD!A2:B21,2,FALSE) -> #N/A | H56: =VLOOKUP(G56,CATEGORIA!A2:B19,2,FALSE) -> #N/A | J56: =VLOOKUP(I56,TIPO_ARTICULO!A2:B3,2,FALSE) -> #N/A | L56: =VLOOKUP(K56,TIPO_IGV!A2:B5,2,FALSE) -> #N/A
B57: =VLOOKUP(A57,ALMACEN!A2:B3,2,FALSE) -> #N/A | D57: =VLOOKUP(C57,MARCA!A2:B2,2,FALSE) -> #N/A | F57: =VLOOKUP(E57,UNIDAD!A2:B21,2,FALSE) -> #N/A | H57: =VLOOKUP(G57,CATEGORIA!A2:B19,2,FALSE) -> #N/A | J57: =VLOOKUP(I57,TIPO_ARTICULO!A2:B3,2,FALSE) -> #N/A | L57: =VLOOKUP(K57,TIPO_IGV!A2:B5,2,FALSE) -> #N/A
B58: =VLOOKUP(A58,ALMACEN!A2:B3,2,FALSE) -> #N/A | D58: =VLOOKUP(C58,MARCA!A2:B2,2,FALSE) -> #N/A | F58: =VLOOKUP(E58,UNIDAD!A2:B21,2,FALSE) -> #N/A | H58: =VLOOKUP(G58,CATEGORIA!A2:B19,2,FALSE) -> #N/A | J58: =VLOOKUP(I58,TIPO_ARTICULO!A2:B3,2,FALSE) -> #N/A | L58: =VLOOKUP(K58,TIPO_IGV!A2:B5,2,FALSE) -> #N/A
B59: =VLOOKUP(A59,ALMACEN!A2:B3,2,FALSE) -> #N/A | D59: =VLOOKUP(C59,MARCA!A2:B2,2,FALSE) -> #N/A | F59: =VLOOKUP(E59,UNIDAD!A2:B21,2,FALSE) -> #N/A | H59: =VLOOKUP(G59,CATEGORIA!A2:B19,2,FALSE) -> #N/A | J59: =VLOOKUP(I59,TIPO_ARTICULO!A2:B3,2,FALSE) -> #N/A | L59: =VLOOKUP(K59,TIPO_IGV!A2:B5,2,FALSE) -> #N/A
B60: =VLOOKUP(A60,ALMACEN!A2:B3,2,FALSE) -> #N/A | D60: =VLOOKUP(C60,MARCA!A2:B2,2,FALSE) -> #N/A | F60: =VLOOKUP(E60,UNIDAD!A2:B21,2,FALSE) -> #N/A | H60: =VLOOKUP(G60,CATEGORIA!A2:B19,2,FALSE) -> #N/A | J60: =VLOOKUP(I60,TIPO_ARTICULO!A2:B3,2,FALSE) -> #N/A | L60: =VLOOKUP(K60,TIPO_IGV!A2:B5,2,FALSE) -> #N/A
B61: =VLOOKUP(A61,ALMACEN!A2:B3,2,FALSE) -> #N/A | D61: =VLOOKUP(C61,MARCA!A2:B2,2,FALSE) -> #N/A | F61: =VLOOKUP(E61,UNIDAD!A2:B21,2,FALSE) -> #N/A | H61: =VLOOKUP(G61,CATEGORIA!A2:B19,2,FALSE) -> #N/A | J61: =VLOOKUP(I61,TIPO_ARTICULO!A2:B3,2,FALSE) -> #N/A | L61: =VLOOKUP(K61,TIPO_IGV!A2:B5,2,FALSE) -> #N/A
B62: =VLOOKUP(A62,ALMACEN!A2:B3,2,FALSE) -> #N/A | D62: =VLOOKUP(C62,MARCA!A2:B2,2,FALSE) -> #N/A | F62: =VLOOKUP(E62,UNIDAD!A2:B21,2,FALSE) -> #N/A | H62: =VLOOKUP(G62,CATEGORIA!A2:B19,2,FALSE) -> #N/A | J62: =VLOOKUP(I62,TIPO_ARTICULO!A2:B3,2,FALSE) -> #N/A | L62: =VLOOKUP(K62,TIPO_IGV!A2:B5,2,FALSE) -> #N/A
B63: =VLOOKUP(A63,ALMACEN!A2:B3,2,FALSE) -> #N/A | D63: =VLOOKUP(C63,MARCA!A2:B2,2,FALSE) -> #N/A | F63: =VLOOKUP(E63,UNIDAD!A2:B21,2,FALSE) -> #N/A | H63: =VLOOKUP(G63,CATEGORIA!A2:B19,2,FALSE) -> #N/A | J63: =VLOOKUP(I63,TIPO_ARTICULO!A2:B3,2,FALSE) -> #N/A | L63: =VLOOKUP(K63,TIPO_IGV!A2:B5,2,FALSE) -> #N/A
B64: =VLOOKUP(A64,ALMACEN!A2:B3,2,FALSE) -> #N/A | D64: =VLOOKUP(C64,MARCA!A2:B2,2,FALSE) -> #N/A | F64: =VLOOKUP(E64,UNIDAD!A2:B21,2,FALSE) -> #N/A | H64: =VLOOKUP(G64,CATEGORIA!A2:B19,2,FALSE) -> #N/A | J64: =VLOOKUP(I64,TIPO_ARTICULO!A2:B3,2,FALSE) -> #N/A | L64: =VLOOKUP(K64,TIPO_IGV!A2:B5,2,FALSE) -> #N/A
B65: =VLOOKUP(A65,ALMACEN!A2:B3,2,FALSE) -> #N/A | D65: =VLOOKUP(C65,MARCA!A2:B2,2,FALSE) -> #N/A | F65: =VLOOKUP(E65,UNIDAD!A2:B21,2,FALSE) -> #N/A | H65: =VLOOKUP(G65,CATEGORIA!A2:B19,2,FALSE) -> #N/A | J65: =VLOOKUP(I65,TIPO_ARTICULO!A2:B3,2,FALSE) -> #N/A | L65: =VLOOKUP(K65,TIPO_IGV!A2:B5,2,FALSE) -> #N/A
B66: =VLOOKUP(A66,ALMACEN!A2:B3,2,FALSE) -> #N/A | D66: =VLOOKUP(C66,MARCA!A2:B2,2,FALSE) -> #N/A | F66: =VLOOKUP(E66,UNIDAD!A2:B21,2,FALSE) -> #N/A | H66: =VLOOKUP(G66,CATEGORIA!A2:B19,2,FALSE) -> #N/A | J66: =VLOOKUP(I66,TIPO_ARTICULO!A2:B3,2,FALSE) -> #N/A | L66: =VLOOKUP(K66,TIPO_IGV!A2:B5,2,FALSE) -> #N/A
B67: =VLOOKUP(A67,ALMACEN!A2:B3,2,FALSE) -> #N/A | D67: =VLOOKUP(C67,MARCA!A2:B2,2,FALSE) -> #N/A | F67: =VLOOKUP(E67,UNIDAD!A2:B21,2,FALSE) -> #N/A | H67: =VLOOKUP(G67,CATEGORIA!A2:B19,2,FALSE) -> #N/A | J67: =VLOOKUP(I67,TIPO_ARTICULO!A2:B3,2,FALSE) -> #N/A | L67: =VLOOKUP(K67,TIPO_IGV!A2:B5,2,FALSE) -> #N/A
B68: =VLOOKUP(A68,ALMACEN!A2:B3,2,FALSE) -> #N/A | D68: =VLOOKUP(C68,MARCA!A2:B2,2,FALSE) -> #N/A | F68: =VLOOKUP(E68,UNIDAD!A2:B21,2,FALSE) -> #N/A | H68: =VLOOKUP(G68,CATEGORIA!A2:B19,2,FALSE) -> #N/A | J68: =VLOOKUP(I68,TIPO_ARTICULO!A2:B3,2,FALSE) -> #N/A | L68: =VLOOKUP(K68,TIPO_IGV!A2:B5,2,FALSE) -> #N/A
B69: =VLOOKUP(A69,ALMACEN!A2:B3,2,FALSE) -> #N/A | D69: =VLOOKUP(C69,MARCA!A2:B2,2,FALSE) -> #N/A | F69: =VLOOKUP(E69,UNIDAD!A2:B21,2,FALSE) -> #N/A | H69: =VLOOKUP(G69,CATEGORIA!A2:B19,2,FALSE) -> #N/A | J69: =VLOOKUP(I69,TIPO_ARTICULO!A2:B3,2,FALSE) -> #N/A | L69: =VLOOKUP(K69,TIPO_IGV!A2:B5,2,FALSE) -> #N/A
B70: =VLOOKUP(A70,ALMACEN!A2:B3,2,FALSE) -> #N/A | D70: =VLOOKUP(C70,MARCA!A2:B2,2,FALSE) -> #N/A | F70: =VLOOKUP(E70,UNIDAD!A2:B21,2,FALSE) -> #N/A | H70: =VLOOKUP(G70,CATEGORIA!A2:B19,2,FALSE) -> #N/A | J70: =VLOOKUP(I70,TIPO_ARTICULO!A2:B3,2,FALSE) -> #N/A | L70: =VLOOKUP(K70,TIPO_IGV!A2:B5,2,FALSE) -> #N/A
B71: =VLOOKUP(A71,ALMACEN!A2:B3,2,FALSE) -> #N/A | D71: =VLOOKUP(C71,MARCA!A2:B2,2,FALSE) -> #N/A | F71: =VLOOKUP(E71,UNIDAD!A2:B21,2,FALSE) -> #N/A | H71: =VLOOKUP(G71,CATEGORIA!A2:B19,2,FALSE) -> #N/A | J71: =VLOOKUP(I71,TIPO_ARTICULO!A2:B3,2,FALSE) -> #N/A | L71: =VLOOKUP(K71,TIPO_IGV!A2:B5,2,FALSE) -> #N/A
B72: =VLOOKUP(A72,ALMACEN!A2:B3,2,FALSE) -> #N/A | D72: =VLOOKUP(C72,MARCA!A2:B2,2,FALSE) -> #N/A | F72: =VLOOKUP(E72,UNIDAD!A2:B21,2,FALSE) -> #N/A | H72: =VLOOKUP(G72,CATEGORIA!A2:B19,2,FALSE) -> #N/A | J72: =VLOOKUP(I72,TIPO_ARTICULO!A2:B3,2,FALSE) -> #N/A | L72: =VLOOKUP(K72,TIPO_IGV!A2:B5,2,FALSE) -> #N/A
B73: =VLOOKUP(A73,ALMACEN!A2:B3,2,FALSE) -> #N/A | D73: =VLOOKUP(C73,MARCA!A2:B2,2,FALSE) -> #N/A | F73: =VLOOKUP(E73,UNIDAD!A2:B21,2,FALSE) -> #N/A | H73: =VLOOKUP(G73,CATEGORIA!A2:B19,2,FALSE) -> #N/A | J73: =VLOOKUP(I73,TIPO_ARTICULO!A2:B3,2,FALSE) -> #N/A | L73: =VLOOKUP(K73,TIPO_IGV!A2:B5,2,FALSE) -> #N/A
B74: =VLOOKUP(A74,ALMACEN!A2:B3,2,FALSE) -> #N/A | D74: =VLOOKUP(C74,MARCA!A2:B2,2,FALSE) -> #N/A | F74: =VLOOKUP(E74,UNIDAD!A2:B21,2,FALSE) -> #N/A | H74: =VLOOKUP(G74,CATEGORIA!A2:B19,2,FALSE) -> #N/A | J74: =VLOOKUP(I74,TIPO_ARTICULO!A2:B3,2,FALSE) -> #N/A | L74: =VLOOKUP(K74,TIPO_IGV!A2:B5,2,FALSE) -> #N/A
B75: =VLOOKUP(A75,ALMACEN!A2:B3,2,FALSE) -> #N/A | D75: =VLOOKUP(C75,MARCA!A2:B2,2,FALSE) -> #N/A | F75: =VLOOKUP(E75,UNIDAD!A2:B21,2,FALSE) -> #N/A | H75: =VLOOKUP(G75,CATEGORIA!A2:B19,2,FALSE) -> #N/A | J75: =VLOOKUP(I75,TIPO_ARTICULO!A2:B3,2,FALSE) -> #N/A | L75: =VLOOKUP(K75,TIPO_IGV!A2:B5,2,FALSE) -> #N/A
B76: =VLOOKUP(A76,ALMACEN!A2:B3,2,FALSE) -> #N/A | D76: =VLOOKUP(C76,MARCA!A2:B2,2,FALSE) -> #N/A | F76: =VLOOKUP(E76,UNIDAD!A2:B21,2,FALSE) -> #N/A | H76: =VLOOKUP(G76,CATEGORIA!A2:B19,2,FALSE) -> #N/A | J76: =VLOOKUP(I76,TIPO_ARTICULO!A2:B3,2,FALSE) -> #N/A | L76: =VLOOKUP(K76,TIPO_IGV!A2:B5,2,FALSE) -> #N/A
B77: =VLOOKUP(A77,ALMACEN!A2:B3,2,FALSE) -> #N/A | D77: =VLOOKUP(C77,MARCA!A2:B2,2,FALSE) -> #N/A | F77: =VLOOKUP(E77,UNIDAD!A2:B21,2,FALSE) -> #N/A | H77: =VLOOKUP(G77,CATEGORIA!A2:B19,2,FALSE) -> #N/A | J77: =VLOOKUP(I77,TIPO_ARTICULO!A2:B3,2,FALSE) -> #N/A | L77: =VLOOKUP(K77,TIPO_IGV!A2:B5,2,FALSE) -> #N/A
B78: =VLOOKUP(A78,ALMACEN!A2:B3,2,FALSE) -> #N/A | D78: =VLOOKUP(C78,MARCA!A2:B2,2,FALSE) -> #N/A | F78: =VLOOKUP(E78,UNIDAD!A2:B21,2,FALSE) -> #N/A | H78: =VLOOKUP(G78,CATEGORIA!A2:B19,2,FALSE) -> #N/A | J78: =VLOOKUP(I78,TIPO_ARTICULO!A2:B3,2,FALSE) -> #N/A | L78: =VLOOKUP(K78,TIPO_IGV!A2:B5,2,FALSE) -> #N/A
B79: =VLOOKUP(A79,ALMACEN!A2:B3,2,FALSE) -> #N/A | D79: =VLOOKUP(C79,MARCA!A2:B2,2,FALSE) -> #N/A | F79: =VLOOKUP(E79,UNIDAD!A2:B21,2,FALSE) -> #N/A | H79: =VLOOKUP(G79,CATEGORIA!A2:B19,2,FALSE) -> #N/A | J79: =VLOOKUP(I79,TIPO_ARTICULO!A2:B3,2,FALSE) -> #N/A | L79: =VLOOKUP(K79,TIPO_IGV!A2:B5,2,FALSE) -> #N/A
B80: =VLOOKUP(A80,ALMACEN!A2:B3,2,FALSE) -> #N/A | D80: =VLOOKUP(C80,MARCA!A2:B2,2,FALSE) -> #N/A | F80: =VLOOKUP(E80,UNIDAD!A2:B21,2,FALSE) -> #N/A | H80: =VLOOKUP(G80,CATEGORIA!A2:B19,2,FALSE) -> #N/A | J80: =VLOOKUP(I80,TIPO_ARTICULO!A2:B3,2,FALSE) -> #N/A | L80: =VLOOKUP(K80,TIPO_IGV!A2:B5,2,FALSE) -> #N/A
B81: =VLOOKUP(A81,ALMACEN!A2:B3,2,FALSE) -> #N/A | D81: =VLOOKUP(C81,MARCA!A2:B2,2,FALSE) -> #N/A | F81: =VLOOKUP(E81,UNIDAD!A2:B21,2,FALSE) -> #N/A | H81: =VLOOKUP(G81,CATEGORIA!A2:B19,2,FALSE) -> #N/A | J81: =VLOOKUP(I81,TIPO_ARTICULO!A2:B3,2,FALSE) -> #N/A | L81: =VLOOKUP(K81,TIPO_IGV!A2:B5,2,FALSE) -> #N/A
B82: =VLOOKUP(A82,ALMACEN!A2:B3,2,FALSE) -> #N/A | D82: =VLOOKUP(C82,MARCA!A2:B2,2,FALSE) -> #N/A | F82: =VLOOKUP(E82,UNIDAD!A2:B21,2,FALSE) -> #N/A | H82: =VLOOKUP(G82,CATEGORIA!A2:B19,2,FALSE) -> #N/A | J82: =VLOOKUP(I82,TIPO_ARTICULO!A2:B3,2,FALSE) -> #N/A | L82: =VLOOKUP(K82,TIPO_IGV!A2:B5,2,FALSE) -> #N/A
B83: =VLOOKUP(A83,ALMACEN!A2:B3,2,FALSE) -> #N/A | D83: =VLOOKUP(C83,MARCA!A2:B2,2,FALSE) -> #N/A | F83: =VLOOKUP(E83,UNIDAD!A2:B21,2,FALSE) -> #N/A | H83: =VLOOKUP(G83,CATEGORIA!A2:B19,2,FALSE) -> #N/A | J83: =VLOOKUP(I83,TIPO_ARTICULO!A2:B3,2,FALSE) -> #N/A | L83: =VLOOKUP(K83,TIPO_IGV!A2:B5,2,FALSE) -> #N/A
B84: =VLOOKUP(A84,ALMACEN!A2:B3,2,FALSE) -> #N/A | D84: =VLOOKUP(C84,MARCA!A2:B2,2,FALSE) -> #N/A | F84: =VLOOKUP(E84,UNIDAD!A2:B21,2,FALSE) -> #N/A | H84: =VLOOKUP(G84,CATEGORIA!A2:B19,2,FALSE) -> #N/A | J84: =VLOOKUP(I84,TIPO_ARTICULO!A2:B3,2,FALSE) -> #N/A | L84: =VLOOKUP(K84,TIPO_IGV!A2:B5,2,FALSE) -> #N/A
B85: =VLOOKUP(A85,ALMACEN!A2:B3,2,FALSE) -> #N/A | D85: =VLOOKUP(C85,MARCA!A2:B2,2,FALSE) -> #N/A | F85: =VLOOKUP(E85,UNIDAD!A2:B21,2,FALSE) -> #N/A | H85: =VLOOKUP(G85,CATEGORIA!A2:B19,2,FALSE) -> #N/A | J85: =VLOOKUP(I85,TIPO_ARTICULO!A2:B3,2,FALSE) -> #N/A | L85: =VLOOKUP(K85,TIPO_IGV!A2:B5,2,FALSE) -> #N/A
B86: =VLOOKUP(A86,ALMACEN!A2:B3,2,FALSE) -> #N/A | D86: =VLOOKUP(C86,MARCA!A2:B2,2,FALSE) -> #N/A | F86: =VLOOKUP(E86,UNIDAD!A2:B21,2,FALSE) -> #N/A | H86: =VLOOKUP(G86,CATEGORIA!A2:B19,2,FALSE) -> #N/A | J86: =VLOOKUP(I86,TIPO_ARTICULO!A2:B3,2,FALSE) -> #N/A | L86: =VLOOKUP(K86,TIPO_IGV!A2:B5,2,FALSE) -> #N/A
B87: =VLOOKUP(A87,ALMACEN!A2:B3,2,FALSE) -> #N/A | D87: =VLOOKUP(C87,MARCA!A2:B2,2,FALSE) -> #N/A | F87: =VLOOKUP(E87,UNIDAD!A2:B21,2,FALSE) -> #N/A | H87: =VLOOKUP(G87,CATEGORIA!A2:B19,2,FALSE) -> #N/A | J87: =VLOOKUP(I87,TIPO_ARTICULO!A2:B3,2,FALSE) -> #N/A | L87: =VLOOKUP(K87,TIPO_IGV!A2:B5,2,FALSE) -> #N/A
B88: =VLOOKUP(A88,ALMACEN!A2:B3,2,FALSE) -> #N/A | D88: =VLOOKUP(C88,MARCA!A2:B2,2,FALSE) -> #N/A | F88: =VLOOKUP(E88,UNIDAD!A2:B21,2,FALSE) -> #N/A | H88: =VLOOKUP(G88,CATEGORIA!A2:B19,2,FALSE) -> #N/A | J88: =VLOOKUP(I88,TIPO_ARTICULO!A2:B3,2,FALSE) -> #N/A | L88: =VLOOKUP(K88,TIPO_IGV!A2:B5,2,FALSE) -> #N/A
B89: =VLOOKUP(A89,ALMACEN!A2:B3,2,FALSE) -> #N/A | D89: =VLOOKUP(C89,MARCA!A2:B2,2,FALSE) -> #N/A | F89: =VLOOKUP(E89,UNIDAD!A2:B21,2,FALSE) -> #N/A | H89: =VLOOKUP(G89,CATEGORIA!A2:B19,2,FALSE) -> #N/A | J89: =VLOOKUP(I89,TIPO_ARTICULO!A2:B3,2,FALSE) -> #N/A | L89: =VLOOKUP(K89,TIPO_IGV!A2:B5,2,FALSE) -> #N/A
B90: =VLOOKUP(A90,ALMACEN!A2:B3,2,FALSE) -> #N/A | D90: =VLOOKUP(C90,MARCA!A2:B2,2,FALSE) -> #N/A | F90: =VLOOKUP(E90,UNIDAD!A2:B21,2,FALSE) -> #N/A | H90: =VLOOKUP(G90,CATEGORIA!A2:B19,2,FALSE) -> #N/A | J90: =VLOOKUP(I90,TIPO_ARTICULO!A2:B3,2,FALSE) -> #N/A | L90: =VLOOKUP(K90,TIPO_IGV!A2:B5,2,FALSE) -> #N/A
B91: =VLOOKUP(A91,ALMACEN!A2:B3,2,FALSE) -> #N/A | D91: =VLOOKUP(C91,MARCA!A2:B2,2,FALSE) -> #N/A | F91: =VLOOKUP(E91,UNIDAD!A2:B21,2,FALSE) -> #N/A | H91: =VLOOKUP(G91,CATEGORIA!A2:B19,2,FALSE) -> #N/A | J91: =VLOOKUP(I91,TIPO_ARTICULO!A2:B3,2,FALSE) -> #N/A | L91: =VLOOKUP(K91,TIPO_IGV!A2:B5,2,FALSE) -> #N/A
B92: =VLOOKUP(A92,ALMACEN!A2:B3,2,FALSE) -> #N/A | D92: =VLOOKUP(C92,MARCA!A2:B2,2,FALSE) -> #N/A | F92: =VLOOKUP(E92,UNIDAD!A2:B21,2,FALSE) -> #N/A | H92: =VLOOKUP(G92,CATEGORIA!A2:B19,2,FALSE) -> #N/A | J92: =VLOOKUP(I92,TIPO_ARTICULO!A2:B3,2,FALSE) -> #N/A | L92: =VLOOKUP(K92,TIPO_IGV!A2:B5,2,FALSE) -> #N/A
B93: =VLOOKUP(A93,ALMACEN!A2:B3,2,FALSE) -> #N/A | D93: =VLOOKUP(C93,MARCA!A2:B2,2,FALSE) -> #N/A | F93: =VLOOKUP(E93,UNIDAD!A2:B21,2,FALSE) -> #N/A | H93: =VLOOKUP(G93,CATEGORIA!A2:B19,2,FALSE) -> #N/A | J93: =VLOOKUP(I93,TIPO_ARTICULO!A2:B3,2,FALSE) -> #N/A | L93: =VLOOKUP(K93,TIPO_IGV!A2:B5,2,FALSE) -> #N/A
B94: =VLOOKUP(A94,ALMACEN!A2:B3,2,FALSE) -> #N/A | D94: =VLOOKUP(C94,MARCA!A2:B2,2,FALSE) -> #N/A | F94: =VLOOKUP(E94,UNIDAD!A2:B21,2,FALSE) -> #N/A | H94: =VLOOKUP(G94,CATEGORIA!A2:B19,2,FALSE) -> #N/A | J94: =VLOOKUP(I94,TIPO_ARTICULO!A2:B3,2,FALSE) -> #N/A | L94: =VLOOKUP(K94,TIPO_IGV!A2:B5,2,FALSE) -> #N/A
B95: =VLOOKUP(A95,ALMACEN!A2:B3,2,FALSE) -> #N/A | D95: =VLOOKUP(C95,MARCA!A2:B2,2,FALSE) -> #N/A | F95: =VLOOKUP(E95,UNIDAD!A2:B21,2,FALSE) -> #N/A | H95: =VLOOKUP(G95,CATEGORIA!A2:B19,2,FALSE) -> #N/A | J95: =VLOOKUP(I95,TIPO_ARTICULO!A2:B3,2,FALSE) -> #N/A | L95: =VLOOKUP(K95,TIPO_IGV!A2:B5,2,FALSE) -> #N/A
B96: =VLOOKUP(A96,ALMACEN!A2:B3,2,FALSE) -> #N/A | D96: =VLOOKUP(C96,MARCA!A2:B2,2,FALSE) -> #N/A | F96: =VLOOKUP(E96,UNIDAD!A2:B21,2,FALSE) -> #N/A | H96: =VLOOKUP(G96,CATEGORIA!A2:B19,2,FALSE) -> #N/A | J96: =VLOOKUP(I96,TIPO_ARTICULO!A2:B3,2,FALSE) -> #N/A | L96: =VLOOKUP(K96,TIPO_IGV!A2:B5,2,FALSE) -> #N/A
B97: =VLOOKUP(A97,ALMACEN!A2:B3,2,FALSE) -> #N/A | D97: =VLOOKUP(C97,MARCA!A2:B2,2,FALSE) -> #N/A | F97: =VLOOKUP(E97,UNIDAD!A2:B21,2,FALSE) -> #N/A | H97: =VLOOKUP(G97,CATEGORIA!A2:B19,2,FALSE) -> #N/A | J97: =VLOOKUP(I97,TIPO_ARTICULO!A2:B3,2,FALSE) -> #N/A | L97: =VLOOKUP(K97,TIPO_IGV!A2:B5,2,FALSE) -> #N/A
B98: =VLOOKUP(A98,ALMACEN!A2:B3,2,FALSE) -> #N/A | D98: =VLOOKUP(C98,MARCA!A2:B2,2,FALSE) -> #N/A | F98: =VLOOKUP(E98,UNIDAD!A2:B21,2,FALSE) -> #N/A | H98: =VLOOKUP(G98,CATEGORIA!A2:B19,2,FALSE) -> #N/A | J98: =VLOOKUP(I98,TIPO_ARTICULO!A2:B3,2,FALSE) -> #N/A | L98: =VLOOKUP(K98,TIPO_IGV!A2:B5,2,FALSE) -> #N/A
B99: =VLOOKUP(A99,ALMACEN!A2:B3,2,FALSE) -> #N/A | D99: =VLOOKUP(C99,MARCA!A2:B2,2,FALSE) -> #N/A | F99: =VLOOKUP(E99,UNIDAD!A2:B21,2,FALSE) -> #N/A | H99: =VLOOKUP(G99,CATEGORIA!A2:B19,2,FALSE) -> #N/A | J99: =VLOOKUP(I99,TIPO_ARTICULO!A2:B3,2,FALSE) -> #N/A | L99: =VLOOKUP(K99,TIPO_IGV!A2:B5,2,FALSE) -> #N/A
B100: =VLOOKUP(A100,ALMACEN!A2:B3,2,FALSE) -> #N/A | D100: =VLOOKUP(C100,MARCA!A2:B2,2,FALSE) -> #N/A | F100: =VLOOKUP(E100,UNIDAD!A2:B21,2,FALSE) -> #N/A | H100: =VLOOKUP(G100,CATEGORIA!A2:B19,2,FALSE) -> #N/A | J100: =VLOOKUP(I100,TIPO_ARTICULO!A2:B3,2,FALSE) -> #N/A | L100: =VLOOKUP(K100,TIPO_IGV!A2:B5,2,FALSE) -> #N/A
