Workbook

Sheet ALMACENES
A1: NOMBRE | B1: CODIGO
A2: 7 - ALMACEN CENTTRAL | B2: 7
A3: 8 - ALMACEN PRUEBA | B3: 8

Sheet MARCAS
A1: NOMBRE | B1: CODIGO
A2: 9 - PAVCO | B2: 9
A3: 13 - TREBOL | B3: 13
A4: 14 - TOOLCRAFT | B4: 14
A5: 15 - GENERICO | B5: 15
A6: 16 - KBA ELECTRICS | B6: 16
A7: 17 - SANDFLEX | B7: 17
A8: 18 - ACEROS AREQUIPA | B8: 18
A9: 19 - ASAKI | B9: 19
A10: 20 - OATEY | B10: 20
A11: 21 - SAPOLIO | B11: 21
A12: 22 - TEKNO | B12: 22
A13: 23 - ANYPSA | B13: 23
... A36: 46 - TRAMONTINA | B36: 46

Sheet UNIDADES
A1: NOMBRE | B1: CODIGO
A2: 1 - UNIDADES | B2: 1
A3: 2 - KILOGRAMO | B3: 2
A4: 3 - BALDE | B4: 3
A5: 4 - BOLSA | B5: 4
A6: 5 - BOTELLAS | B6: 5
A7: 6 - CAJA | B7: 6
A8: 7 - CARTONES | B8: 7
A9: 8 - CILINDRO | B9: 8
A10: 9 - CONOS | B10: 9
A11: 10 - GRAMO | B11: 10
A12: 11 - JUEGO | B12: 11
A13: 12 - KILOMETRO | B13: 12
... A21: 20 - UNIDAD SERVICIOS | B21: 20

Sheet CATEGORIAS
A1: NOMBRE | B1: CODIGO
A2: 15 - Vlvulas de PVC | B2: 15
A3: 16 - GRIFERIA TREBOL | B3: 16
A4: 17 - Aergrafos | B4: 17
A5: 18 - VARIOS | B5: 18
A6: 19 - Tableros Elctricos | B6: 19
A7: 20 - PRODUCTOS PVC | B7: 20
A8: 21 - Accesorios para taladros | B8: 21
A9: 22 - HOJA DE SIERRA | B9: 22
A10: 23 - PEGAMENTO | B10: 23
A11: 24 - ESCOBILLA DE COPA | B11: 24
A12: 25 - PEGAMENTE PARA PVC | B12: 25
A13: 26 - LIMPIEZA | B13: 26
... A28: 41 - PARAPENTE | B28: 41

Sheet TIPO_ARTICULOS
A1: NOMBRE | B1: CODIGO
A2: 1 - PRODUCTO | B2: 1
A3: 2 - SERVICIO | B3: 2

Sheet PRODUCTOS
A1: ALMACENES | C1: MARCAS | E1: UNIDADES | G1: CATEGORIAS | I1: TIPO_ARTICULOS | K1: NOMBRE PRODUCTO | L1: PRECIO COMPRA | M1: PRECIO VENTA | N1: PRECIO MAYOR | O1: PRECIO ESPECIAL | P1: STOCK ACTUAL | Q1: STOCK MÍNIMO | R1: SERIE | S1: CÓDIGO DE BARRAS | T1: TIPO IGV
A2: 7 - ALMACEN CENTTRAL | B2: =VLOOKUP(A2,ALMACENES!A2:B3,2,FALSE) -> 7 | C2: 15 - GENERICO | D2: =VLOOKUP(C2,MARCAS!A2:B36,2,FALSE) -> 15 | E2: 1 - UNIDADES | F2: =VLOOKUP(E2,UNIDADES!A2:B21,2,FALSE) -> 1 | G2: 18 - VARIOS | H2: =VLOOKUP(G2,CATEGORIAS!A2:B28,2,FALSE) -> 18 | I2: 1 - PRODUCTO | J2: =VLOOKUP(I2,TIPO_ARTICULOS!A2:B3,2,FALSE) -> 1 | K2: CEMENTO ANDINO | L2: 20 | M2: 30 | N2: 30 | O2: 30 | P2: 20 | Q2: 1 | R2: 352121017478745 | S2: CEME123
B3: =VLOOKUP(A3,ALMACENES!A2:B3,2,FALSE) -> #N/A | D3: =VLOOKUP(C3,MARCAS!A2:B36,2,FALSE) -> #N/A | F3: =VLOOKUP(E3,UNIDADES!A2:B21,2,FALSE) -> #N/A | H3: =VLOOKUP(G3,CATEGORIAS!A2:B28,2,FALSE) -> #N/A | J3: =VLOOKUP(I3,TIPO_ARTICULOS!A2:B3,2,FALSE) -> #N/A
B4: =VLOOKUP(A4,ALMACENES!A2:B3,2,FALSE) -> #N/A | D4: =VLOOKUP(C4,MARCAS!A2:B36,2,FALSE) -> #N/A | F4: =VLOOKUP(E4,UNIDADES!A2:B21,2,FALSE) -> #N/A | H4: =VLOOKUP(G4,CATEGORIAS!A2:B28,2,FALSE) -> #N/A | J4: =VLOOKUP(I4,TIPO_ARTICULOS!A2:B3,2,FALSE) -> #N/A
B5: =VLOOKUP(A5,ALMACENES!A2:B3,2,FALSE) -> #N/A | D5: =VLOOKUP(C5,MARCAS!A2:B36,2,FALSE) -> #N/A | F5: =VLOOKUP(E5,UNIDADES!A2:B21,2,FALSE) -> #N/A | H5: =VLOOKUP(G5,CATEGORIAS!A2:B28,2,FALSE) -> #N/A | J5: =VLOOKUP(I5,TIPO_ARTICULOS!A2:B3,2,FALSE) -> #N/A
B6: =VLOOKUP(A6,ALMACENES!A2:B3,2,FALSE) -> #N/A | D6: =VLOOKUP(C6,MARCAS!A2:B36,2,FALSE) -> #N/A | F6: =VLOOKUP(E6,UNIDADES!A2:B21,2,FALSE) -> #N/A | H6: =VLOOKUP(G6,CATEGORIAS!A2:B28,2,FALSE) -> #N/A | J6: =VLOOKUP(I6,TIPO_ARTICULOS!A2:B3,2,FALSE) -> #N/A
B7: =VLOOKUP(A7,ALMACENES!A2:B3,2,FALSE) -> #N/A | D7: =VLOOKUP(C7,MARCAS!A2:B36,2,FALSE) -> #N/A | F7: =VLOOKUP(E7,UNIDADES!A2:B21,2,FALSE) -> #N/A | H7: =VLOOKUP(G7,CATEGORIAS!A2:B28,2,FALSE) -> #N/A | J7: =VLOOKUP(I7,TIPO_ARTICULOS!A2:B3,2,FALSE) -> #N/A
B8: =VLOOKUP(A8,ALMACENES!A2:B3,2,FALSE) -> #N/A | D8: =VLOOKUP(C8,MARCAS!A2:B36,2,FALSE) -> #N/A | F8: =VLOOKUP(E8,UNIDADES!A2:B21,2,FALSE) -> #N/A | H8: =VLOOKUP(G8,CATEGORIAS!A2:B28,2,FALSE) -> #N/A | J8: =VLOOKUP(I8,TIPO_ARTICULOS!A2:B3,2,FALSE) -> #N/A
B9: =VLOOKUP(A9,ALMACENES!A2:B3,2,FALSE) -> #N/A | D9: =VLOOKUP(C9,MARCAS!A2:B36,2,FALSE) -> #N/A | F9: =VLOOKUP(E9,UNIDADES!A2:B21,2,FALSE) -> #N/A | H9: =VLOOKUP(G9,CATEGORIAS!A2:B28,2,FALSE) -> #N/A | J9: =VLOOKUP(I9,TIPO_ARTICULOS!A2:B3,2,FALSE) -> #N/A
B10: =VLOOKUP(A10,ALMACENES!A2:B3,2,FALSE) -> #N/A | D10: =VLOOKUP(C10,MARCAS!A2:B36,2,FALSE) -> #N/A | F10: =VLOOKUP(E10,UNIDADES!A2:B21,2,FALSE) -> #N/A | H10: =VLOOKUP(G10,CATEGORIAS!A2:B28,2,FALSE) -> #N/A | J10: =VLOOKUP(I10,TIPO_ARTICULOS!A2:B3,2,FALSE) -> #N/A
B11: =VLOOKUP(A11,ALMACENES!A2:B3,2,FALSE) -> #N/A | D11: =VLOOKUP(C11,MARCAS!A2:B36,2,FALSE) -> #N/A | F11: =VLOOKUP(E11,UNIDADES!A2:B21,2,FALSE) -> #N/A | H11: =VLOOKUP(G11,CATEGORIAS!A2:B28,2,FALSE) -> #N/A | J11: =VLOOKUP(I11,TIPO_ARTICULOS!A2:B3,2,FALSE) -> #N/A
B12: =VLOOKUP(A12,ALMACENES!A2:B3,2,FALSE) -> #N/A | D12: =VLOOKUP(C12,MARCAS!A2:B36,2,FALSE) -> #N/A | F12: =VLOOKUP(E12,UNIDADES!A2:B21,2,FALSE) -> #N/A | H12: =VLOOKUP(G12,CATEGORIAS!A2:B28,2,FALSE) -> #N/A | J12: =VLOOKUP(I12,TIPO_ARTICULOS!A2:B3,2,FALSE) -> #N/A
B13: =VLOOKUP(A13,ALMACENES!A2:B3,2,FALSE) -> #N/A | D13: =VLOOKUP(C13,MARCAS!A2:B36,2,FALSE) -> #N/A | F13: =VLOOKUP(E13,UNIDADES!A2:B21,2,FALSE) -> #N/A | H13: =VLOOKUP(G13,CATEGORIAS!A2:B28,2,FALSE) -> #N/A | J13: =VLOOKUP(I13,TIPO_ARTICULOS!A2:B3,2,FALSE) -> #N/A
B14: =VLOOKUP(A14,ALMACENES!A2:B3,2,FALSE) -> #N/A | D14: =VLOOKUP(C14,MARCAS!A2:B36,2,FALSE) -> #N/A | F14: =VLOOKUP(E14,UNIDADES!A2:B21,2,FALSE) -> #N/A | H14: =VLOOKUP(G14,CATEGORIAS!A2:B28,2,FALSE) -> #N/A | J14: =VLOOKUP(I14,TIPO_ARTICULOS!A2:B3,2,FALSE) -> #N/A
B15: =VLOOKUP(A15,ALMACENES!A2:B3,2,FALSE) -> #N/A | D15: =VLOOKUP(C15,MARCAS!A2:B36,2,FALSE) -> #N/A | F15: =VLOOKUP(E15,UNIDADES!A2:B21,2,FALSE) -> #N/A | H15: =VLOOKUP(G15,CATEGORIAS!A2:B28,2,FALSE) -> #N/A | J15: =VLOOKUP(I15,TIPO_ARTICULOS!A2:B3,2,FALSE) -> #N/A
B16: =VLOOKUP(A16,ALMACENES!A2:B3,2,FALSE) -> #N/A | D16: =VLOOKUP(C16,MARCAS!A2:B36,2,FALSE) -> #N/A | F16: =VLOOKUP(E16,UNIDADES!A2:B21,2,FALSE) -> #N/A | H16: =VLOOKUP(G16,CATEGORIAS!A2:B28,2,FALSE) -> #N/A | J16: =VLOOKUP(I16,TIPO_ARTICULOS!A2:B3,2,FALSE) -> #N/A
B17: =VLOOKUP(A17,ALMACENES!A2:B3,2,FALSE) -> #N/A | D17: =VLOOKUP(C17,MARCAS!A2:B36,2,FALSE) -> #N/A | F17: =VLOOKUP(E17,UNIDADES!A2:B21,2,FALSE) -> #N/A | H17: =VLOOKUP(G17,CATEGORIAS!A2:B28,2,FALSE) -> #N/A | J17: =VLOOKUP(I17,TIPO_ARTICULOS!A2:B3,2,FALSE) -> #N/A
B18: =VLOOKUP(A18,ALMACENES!A2:B3,2,FALSE) -> #N/A | D18: =VLOOKUP(C18,MARCAS!A2:B36,2,FALSE) -> #N/A | F18: =VLOOKUP(E18,UNIDADES!A2:B21,2,FALSE) -> #N/A | H18: =VLOOKUP(G18,CATEGORIAS!A2:B28,2,FALSE) -> #N/A | J18: =VLOOKUP(I18,TIPO_ARTICULOS!A2:B3,2,FALSE) -> #N/A
B19: =VLOOKUP(A19,ALMACENES!A2:B3,2,FALSE) -> #N/A | D19: =VLOOKUP(C19,MARCAS!A2:B36,2,FALSE) -> #N/A | F19: =VLOOKUP(E19,UNIDADES!A2:B21,2,FALSE) -> #N/A | H19: =VLOOKUP(G19,CATEGORIAS!A2:B28,2,FALSE) -> #N/A | J19: =VLOOKUP(I19,TIPO_ARTICULOS!A2:B3,2,FALSE) -> #N/A
B20: =VLOOKUP(A20,ALMACENES!A2:B3,2,FALSE) -> #N/A | D20: =VLOOKUP(C20,MARCAS!A2:B36,2,FALSE) -> #N/A | F20: =VLOOKUP(E20,UNIDADES!A2:B21,2,FALSE) -> #N/A | H20: =VLOOKUP(G20,CATEGORIAS!A2:B28,2,FALSE) -> #N/A | J20: =VLOOKUP(I20,TIPO_ARTICULOS!A2:B3,2,FALSE) -> #N/A
B21: =VLOOKUP(A21,ALMACENES!A2:B3,2,FALSE) -> #N/A | D21: =VLOOKUP(C21,MARCAS!A2:B36,2,FALSE) -> #N/A | F21: =VLOOKUP(E21,UNIDADES!A2:B21,2,FALSE) -> #N/A | H21: =VLOOKUP(G21,CATEGORIAS!A2:B28,2,FALSE) -> #N/A | J21: =VLOOKUP(I21,TIPO_ARTICULOS!A2:B3,2,FALSE) -> #N/A
B22: =VLOOKUP(A22,ALMACENES!A2:B3,2,FALSE) -> #N/A | D22: =VLOOKUP(C22,MARCAS!A2:B36,2,FALSE) -> #N/A | F22: =VLOOKUP(E22,UNIDADES!A2:B21,2,FALSE) -> #N/A | H22: =VLOOKUP(G22,CATEGORIAS!A2:B28,2,FALSE) -> #N/A | J22: =VLOOKUP(I22,TIPO_ARTICULOS!A2:B3,2,FALSE) -> #N/A
B23: =VLOOKUP(A23,ALMACENES!A2:B3,2,FALSE) -> #N/A | D23: =VLOOKUP(C23,MARCAS!A2:B36,2,FALSE) -> #N/A | F23: =VLOOKUP(E23,UNIDADES!A2:B21,2,FALSE) -> #N/A | H23: =VLOOKUP(G23,CATEGORIAS!A2:B28,2,FALSE) -> #N/A | J23: =VLOOKUP(I23,TIPO_ARTICULOS!A2:B3,2,FALSE) -> #N/A
B24: =VLOOKUP(A24,ALMACENES!A2:B3,2,FALSE) -> #N/A | D24: =VLOOKUP(C24,MARCAS!A2:B36,2,FALSE) -> #N/A | F24: =VLOOKUP(E24,UNIDADES!A2:B21,2,FALSE) -> #N/A | H24: =VLOOKUP(G24,CATEGORIAS!A2:B28,2,FALSE) -> #N/A | J24: =VLOOKUP(I24,TIPO_ARTICULOS!A2:B3,2,FALSE) -> #N/A
B25: =VLOOKUP(A25,ALMACENES!A2:B3,2,FALSE) -> #N/A | D25: =VLOOKUP(C25,MARCAS!A2:B36,2,FALSE) -> #N/A | F25: =VLOOKUP(E25,UNIDADES!A2:B21,2,FALSE) -> #N/A | H25: =VLOOKUP(G25,CATEGORIAS!A2:B28,2,FALSE) -> #N/A | J25: =VLOOKUP(I25,TIPO_ARTICULOS!A2:B3,2,FALSE) -> #N/A
B26: =VLOOKUP(A26,ALMACENES!A2:B3,2,FALSE) -> #N/A | D26: =VLOOKUP(C26,MARCAS!A2:B36,2,FALSE) -> #N/A | F26: =VLOOKUP(E26,UNIDADES!A2:B21,2,FALSE) -> #N/A | H26: =VLOOKUP(G26,CATEGORIAS!A2:B28,2,FALSE) -> #N/A | J26: =VLOOKUP(I26,TIPO_ARTICULOS!A2:B3,2,FALSE) -> #N/A
B27: =VLOOKUP(A27,ALMACENES!A2:B3,2,FALSE) -> #N/A | D27: =VLOOKUP(C27,MARCAS!A2:B36,2,FALSE) -> #N/A | F27: =VLOOKUP(E27,UNIDADES!A2:B21,2,FALSE) -> #N/A | H27: =VLOOKUP(G27,CATEGORIAS!A2:B28,2,FALSE) -> #N/A | J27: =VLOOKUP(I27,TIPO_ARTICULOS!A2:B3,2,FALSE) -> #N/A
B28: =VLOOKUP(A28,ALMACENES!A2:B3,2,FALSE) -> #N/A | D28: =VLOOKUP(C28,MARCAS!A2:B36,2,FALSE) -> #N/A | F28: =VLOOKUP(E28,UNIDADES!A2:B21,2,FALSE) -> #N/A | H28: =VLOOKUP(G28,CATEGORIAS!A2:B28,2,FALSE) -> #N/A | J28: =VLOOKUP(I28,TIPO_ARTICULOS!A2:B3,2,FALSE) -> #N/A
B29: =VLOOKUP(A29,ALMACENES!A2:B3,2,FALSE) -> #N/A | D29: =VLOOKUP(C29,MARCAS!A2:B36,2,FALSE) -> #N/A | F29: =VLOOKUP(E29,UNIDADES!A2:B21,2,FALSE) -> #N/A | H29: =VLOOKUP(G29,CATEGORIAS!A2:B28,2,FALSE) -> #N/A | J29: =VLOOKUP(I29,TIPO_ARTICULOS!A2:B3,2,FALSE) -> #N/A
B30: =VLOOKUP(A30,ALMACENES!A2:B3,2,FALSE) -> #N/A | D30: =VLOOKUP(C30,MARCAS!A2:B36,2,FALSE) -> #N/A | F30: =VLOOKUP(E30,UNIDADES!A2:B21,2,FALSE) -> #N/A | H30: =VLOOKUP(G30,CATEGORIAS!A2:B28,2,FALSE) -> #N/A | J30: =VLOOKUP(I30,TIPO_ARTICULOS!A2:B3,2,FALSE) -> #N/A
B31: =VLOOKUP(A31,ALMACENES!A2:B3,2,FALSE) -> #N/A | D31: =VLOOKUP(C31,MARCAS!A2:B36,2,FALSE) -> #N/A | F31: =VLOOKUP(E31,UNIDADES!A2:B21,2,FALSE) -> #N/A | H31: =VLOOKUP(G31,CATEGORIAS!A2:B28,2,FALSE) -> #N/A | J31: =VLOOKUP(I31,TIPO_ARTICULOS!A2:B3,2,FALSE) -> #N/A
B32: =VLOOKUP(A32,ALMACENES!A2:B3,2,FALSE) -> #N/A | D32: =VLOOKUP(C32,MARCAS!A2:B36,2,FALSE) -> #N/A | F32: =VLOOKUP(E32,UNIDADES!A2:B21,2,FALSE) -> #N/A | H32: =VLOOKUP(G32,CATEGORIAS!A2:B28,2,FALSE) -> #N/A | J32: =VLOOKUP(I32,TIPO_ARTICULOS!A2:B3,2,FALSE) -> #N/A
B33: =VLOOKUP(A33,ALMACENES!A2:B3,2,FALSE) -> #N/A | D33: =VLOOKUP(C33,MARCAS!A2:B36,2,FALSE) -> #N/A | F33: =VLOOKUP(E33,UNIDADES!A2:B21,2,FALSE) -> #N/A | H33: =VLOOKUP(G33,CATEGORIAS!A2:B28,2,FALSE) -> #N/A | J33: =VLOOKUP(I33,TIPO_ARTICULOS!A2:B3,2,FALSE) -> #N/A
B34: =VLOOKUP(A34,ALMACENES!A2:B3,2,FALSE) -> #N/A | D34: =VLOOKUP(C34,MARCAS!A2:B36,2,FALSE) -> #N/A | F34: =VLOOKUP(E34,UNIDADES!A2:B21,2,FALSE) -> #N/A | H34: =VLOOKUP(G34,CATEGORIAS!A2:B28,2,FALSE) -> #N/A | J34: =VLOOKUP(I34,TIPO_ARTICULOS!A2:B3,2,FALSE) -> #N/A
B35: =VLOOKUP(A35,ALMACENES!A2:B3,2,FALSE) -> #N/A | D35: =VLOOKUP(C35,MARCAS!A2:B36,2,FALSE) -> #N/A | F35: =VLOOKUP(E35,UNIDADES!A2:B21,2,FALSE) -> #N/A | H35: =VLOOKUP(G35,CATEGORIAS!A2:B28,2,FALSE) -> #N/A | J35: =VLOOKUP(I35,TIPO_ARTICULOS!A2:B3,2,FALSE) -> #N/A
B36: =VLOOKUP(A36,ALMACENES!A2:B3,2,FALSE) -> #N/A | D36: =VLOOKUP(C36,MARCAS!A2:B36,2,FALSE) -> #N/A | F36: =VLOOKUP(E36,UNIDADES!A2:B21,2,FALSE) -> #N/A | H36: =VLOOKUP(G36,CATEGORIAS!A2:B28,2,FALSE) -> #N/A | J36: =VLOOKUP(I36,TIPO_ARTICULOS!A2:B3,2,FALSE) -> #N/A
B37: =VLOOKUP(A37,ALMACENES!A2:B3,2,FALSE) -> #N/A | D37: =VLOOKUP(C37,MARCAS!A2:B36,2,FALSE) -> #N/A | F37: =VLOOKUP(E37,UNIDADES!A2:B21,2,FALSE) -> #N/A | H37: =VLOOKUP(G37,CATEGORIAS!A2:B28,2,FALSE) -> #N/A | J37: =VLOOKUP(I37,TIPO_ARTICULOS!A2:B3,2,FALSE) -> #N/A
B38: =VLOOKUP(A38,ALMACENES!A2:B3,2,FALSE) -> #N/A | D38: =VLOOKUP(C38,MARCAS!A2:B36,2,FALSE) -> #N/A | F38: =VLOOKUP(E38,UNIDADES!A2:B21,2,FALSE) -> #N/A | H38: =VLOOKUP(G38,CATEGORIAS!A2:B28,2,FALSE) -> #N/A | J38: =VLOOKUP(I38,TIPO_ARTICULOS!A2:B3,2,FALSE) -> #N/A
B39: =VLOOKUP(A39,ALMACENES!A2:B3,2,FALSE) -> #N/A | D39: =VLOOKUP(C39,MARCAS!A2:B36,2,FALSE) -> #N/A | F39: =VLOOKUP(E39,UNIDADES!A2:B21,2,FALSE) -> #N/A | H39: =VLOOKUP(G39,CATEGORIAS!A2:B28,2,FALSE) -> #N/A | J39: =VLOOKUP(I39,TIPO_ARTICULOS!A2:B3,2,FALSE) -> #N/A
B40: =VLOOKUP(A40,ALMACENES!A2:B3,2,FALSE) -> #N/A | D40: =VLOOKUP(C40,MARCAS!A2:B36,2,FALSE) -> #N/A | F40: =VLOOKUP(E40,UNIDADES!A2:B21,2,FALSE) -> #N/A | H40: =VLOOKUP(G40,CATEGORIAS!A2:B28,2,FALSE) -> #N/A | J40: =VLOOKUP(I40,TIPO_ARTICULOS!A2:B3,2,FALSE) -> #N/A
B41: =VLOOKUP(A41,ALMACENES!A2:B3,2,FALSE) -> #N/A | D41: =VLOOKUP(C41,MARCAS!A2:B36,2,FALSE) -> #N/A | F41: =VLOOKUP(E41,UNIDADES!A2:B21,2,FALSE) -> #N/A | H41: =VLOOKUP(G41,CATEGORIAS!A2:B28,2,FALSE) -> #N/A | J41: =VLOOKUP(I41,TIPO_ARTICULOS!A2:B3,2,FALSE) -> #N/A
B42: =VLOOKUP(A42,ALMACENES!A2:B3,2,FALSE) -> #N/A | D42: =VLOOKUP(C42,MARCAS!A2:B36,2,FALSE) -> #N/A | F42: =VLOOKUP(E42,UNIDADES!A2:B21,2,FALSE) -> #N/A | H42: =VLOOKUP(G42,CATEGORIAS!A2:B28,2,FALSE) -> #N/A | J42: =VLOOKUP(I42,TIPO_ARTICULOS!A2:B3,2,FALSE) -> #N/A
B43: =VLOOKUP(A43,ALMACENES!A2:B3,2,FALSE) -> #N/A | D43: =VLOOKUP(C43,MARCAS!A2:B36,2,FALSE) -> #N/A | F43: =VLOOKUP(E43,UNIDADES!A2:B21,2,FALSE) -> #N/A | H43: =VLOOKUP(G43,CATEGORIAS!A2:B28,2,FALSE) -> #N/A | J43: =VLOOKUP(I43,TIPO_ARTICULOS!A2:B3,2,FALSE) -> #N/A
B44: =VLOOKUP(A44,ALMACENES!A2:B3,2,FALSE) -> #N/A | D44: =VLOOKUP(C44,MARCAS!A2:B36,2,FALSE) -> #N/A | F44: =VLOOKUP(E44,UNIDADES!A2:B21,2,FALSE) -> #N/A | H44: =VLOOKUP(G44,CATEGORIAS!A2:B28,2,FALSE) -> #N/A | J44: =VLOOKUP(I44,TIPO_ARTICULOS!A2:B3,2,FALSE) -> #N/A
B45: =VLOOKUP(A45,ALMACENES!A2:B3,2,FALSE) -> #N/A | D45: =VLOOKUP(C45,MARCAS!A2:B36,2,FALSE) -> #N/A | F45: =VLOOKUP(E45,UNIDADES!A2:B21,2,FALSE) -> #N/A | H45: =VLOOKUP(G45,CATEGORIAS!A2:B28,2,FALSE) -> #N/A | J45: =VLOOKUP(I45,TIPO_ARTICULOS!A2:B3,2,FALSE) -> #N/A
B46: =VLOOKUP(A46,ALMACENES!A2:B3,2,FALSE) -> #N/A | D46: =VLOOKUP(C46,MARCAS!A2:B36,2,FALSE) -> #N/A | F46: =VLOOKUP(E46,UNIDADES!A2:B21,2,FALSE) -> #N/A | H46: =VLOOKUP(G46,CATEGORIAS!A2:B28,2,FALSE) -> #N/A | J46: =VLOOKUP(I46,TIPO_ARTICULOS!A2:B3,2,FALSE) -> #N/A
B47: =VLOOKUP(A47,ALMACENES!A2:B3,2,FALSE) -> #N/A | D47: =VLOOKUP(C47,MARCAS!A2:B36,2,FALSE) -> #N/A | F47: =VLOOKUP(E47,UNIDADES!A2:B21,2,FALSE) -> #N/A | H47: =VLOOKUP(G47,CATEGORIAS!A2:B28,2,FALSE) -> #N/A | J47: =VLOOKUP(I47,TIPO_ARTICULOS!A2:B3,2,FALSE) -> #N/A
B48: =VLOOKUP(A48,ALMACENES!A2:B3,2,FALSE) -> #N/A | D48: =VLOOKUP(C48,MARCAS!A2:B36,2,FALSE) -> #N/A | F48: =VLOOKUP(E48,UNIDADES!A2:B21,2,FALSE) -> #N/A | H48: =VLOOKUP(G48,CATEGORIAS!A2:B28,2,FALSE) -> #N/A | J48: =VLOOKUP(I48,TIPO_ARTICULOS!A2:B3,2,FALSE) -> #N/A
B49: =VLOOKUP(A49,ALMACENES!A2:B3,2,FALSE) -> #N/A | D49: =VLOOKUP(C49,MARCAS!A2:B36,2,FALSE) -> #N/A | F49: =VLOOKUP(E49,UNIDADES!A2:B21,2,FALSE) -> #N/A | H49: =VLOOKUP(G49,CATEGORIAS!A2:B28,2,FALSE) -> #N/A | J49: =VLOOKUP(I49,TIPO_ARTICULOS!A2:B3,2,FALSE) -> #N/A
B50: =VLOOKUP(A50,ALMACENES!A2:B3,2,FALSE) -> #N/A | D50: =VLOOKUP(C50,MARCAS!A2:B36,2,FALSE) -> #N/A | F50: =VLOOKUP(E50,UNIDADES!A2:B21,2,FALSE) -> #N/A | H50: =VLOOKUP(G50,CATEGORIAS!A2:B28,2,FALSE) -> #N/A | J50: =VLOOKUP(I50,TIPO_ARTICULOS!A2:B3,2,FALSE) -> #N/A
B51: =VLOOKUP(A51,ALMACENES!A2:B3,2,FALSE) -> #N/A | D51: =VLOOKUP(C51,MARCAS!A2:B36,2,FALSE) -> #N/A | F51: =VLOOKUP(E51,UNIDADES!A2:B21,2,FALSE) -> #N/A | H51: =VLOOKUP(G51,CATEGORIAS!A2:B28,2,FALSE) -> #N/A | J51: =VLOOKUP(I51,TIPO_ARTICULOS!A2:B3,2,FALSE) -> #N/A
B52: =VLOOKUP(A52,ALMACENES!A2:B3,2,FALSE) -> #N/A | D52: =VLOOKUP(C52,MARCAS!A2:B36,2,FALSE) -> #N/A | F52: =VLOOKUP(E52,UNIDADES!A2:B21,2,FALSE) -> #N/A | H52: =VLOOKUP(G52,CATEGORIAS!A2:B28,2,FALSE) -> #N/A | J52: =VLOOKUP(I52,TIPO_ARTICULOS!A2:B3,2,FALSE) -> #N/A
B53: =VLOOKUP(A53,ALMACENES!A2:B3,2,FALSE) -> #N/A | D53: =VLOOKUP(C53,MARCAS!A2:B36,2,FALSE) -> #N/A | F53: =VLOOKUP(E53,UNIDADES!A2:B21,2,FALSE) -> #N/A | H53: =VLOOKUP(G53,CATEGORIAS!A2:B28,2,FALSE) -> #N/A | J53: =VLOOKUP(I53,TIPO_ARTICULOS!A2:B3,2,FALSE) -> #N/A
B54: =VLOOKUP(A54,ALMACENES!A2:B3,2,FALSE) -> #N/A | D54: =VLOOKUP(C54,MARCAS!A2:B36,2,FALSE) -> #N/A | F54: =VLOOKUP(E54,UNIDADES!A2:B21,2,FALSE) -> #N/A | H54: =VLOOKUP(G54,CATEGORIAS!A2:B28,2,FALSE) -> #N/A | J54: =VLOOKUP(I54,TIPO_ARTICULOS!A2:B3,2,FALSE) -> #N/A
B55: =VLOOKUP(A55,ALMACENES!A2:B3,2,FALSE) -> #N/A | D55: =VLOOKUP(C55,MARCAS!A2:B36,2,FALSE) -> #N/A | F55: =VLOOKUP(E55,UNIDADES!A2:B21,2,FALSE) -> #N/A | H55: =VLOOKUP(G55,CATEGORIAS!A2:B28,2,FALSE) -> #N/A | J55: =VLOOKUP(I55,TIPO_ARTICULOS!A2:B3,2,FALSE) -> #N/A
B56: =VLOOKUP(A56,ALMACENES!A2:B3,2,FALSE) -> #N/A | D56: =VLOOKUP(C56,MARCAS!A2:B36,2,FALSE) -> #N/A | F56: =VLOOKUP(E56,UNIDADES!A2:B21,2,FALSE) -> #N/A | H56: =VLOOKUP(G56,CATEGORIAS!A2:B28,2,FALSE) -> #N/A | J56: =VLOOKUP(I56,TIPO_ARTICULOS!A2:B3,2,FALSE) -> #N/A
B57: =VLOOKUP(A57,ALMACENES!A2:B3,2,FALSE) -> #N/A | D57: =VLOOKUP(C57,MARCAS!A2:B36,2,FALSE) -> #N/A | F57: =VLOOKUP(E57,UNIDADES!A2:B21,2,FALSE) -> #N/A | H57: =VLOOKUP(G57,CATEGORIAS!A2:B28,2,FALSE) -> #N/A | J57: =VLOOKUP(I57,TIPO_ARTICULOS!A2:B3,2,FALSE) -> #N/A
B58: =VLOOKUP(A58,ALMACENES!A2:B3,2,FALSE) -> #N/A | D58: =VLOOKUP(C58,MARCAS!A2:B36,2,FALSE) -> #N/A | F58: =VLOOKUP(E58,UNIDADES!A2:B21,2,FALSE) -> #N/A | H58: =VLOOKUP(G58,CATEGORIAS!A2:B28,2,FALSE) -> #N/A | J58: =VLOOKUP(I58,TIPO_ARTICULOS!A2:B3,2,FALSE) -> #N/A
B59: =VLOOKUP(A59,ALMACENES!A2:B3,2,FALSE) -> #N/A | D59: =VLOOKUP(C59,MARCAS!A2:B36,2,FALSE) -> #N/A | F59: =VLOOKUP(E59,UNIDADES!A2:B21,2,FALSE) -> #N/A | H59: =VLOOKUP(G59,CATEGORIAS!A2:B28,2,FALSE) -> #N/A | J59: =VLOOKUP(I59,TIPO_ARTICULOS!A2:B3,2,FALSE) -> #N/A
B60: =VLOOKUP(A60,ALMACENES!A2:B3,2,FALSE) -> #N/A | D60: =VLOOKUP(C60,MARCAS!A2:B36,2,FALSE) -> #N/A | F60: =VLOOKUP(E60,UNIDADES!A2:B21,2,FALSE) -> #N/A | H60: =VLOOKUP(G60,CATEGORIAS!A2:B28,2,FALSE) -> #N/A | J60: =VLOOKUP(I60,TIPO_ARTICULOS!A2:B3,2,FALSE) -> #N/A
B61: =VLOOKUP(A61,ALMACENES!A2:B3,2,FALSE) -> #N/A | D61: =VLOOKUP(C61,MARCAS!A2:B36,2,FALSE) -> #N/A | F61: =VLOOKUP(E61,UNIDADES!A2:B21,2,FALSE) -> #N/A | H61: =VLOOKUP(G61,CATEGORIAS!A2:B28,2,FALSE) -> #N/A | J61: =VLOOKUP(I61,TIPO_ARTICULOS!A2:B3,2,FALSE) -> #N/A
B62: =VLOOKUP(A62,ALMACENES!A2:B3,2,FALSE) -> #N/A | D62: =VLOOKUP(C62,MARCAS!A2:B36,2,FALSE) -> #N/A | F62: =VLOOKUP(E62,UNIDADES!A2:B21,2,FALSE) -> #N/A | H62: =VLOOKUP(G62,CATEGORIAS!A2:B28,2,FALSE) -> #N/A | J62: =VLOOKUP(I62,TIPO_ARTICULOS!A2:B3,2,FALSE) -> #N/A
B63: =VLOOKUP(A63,ALMACENES!A2:B3,2,FALSE) -> #N/A | D63: =VLOOKUP(C63,MARCAS!A2:B36,2,FALSE) -> #N/A | F63: =VLOOKUP(E63,UNIDADES!A2:B21,2,FALSE) -> #N/A | H63: =VLOOKUP(G63,CATEGORIAS!A2:B28,2,FALSE) -> #N/A | J63: =VLOOKUP(I63,TIPO_ARTICULOS!A2:B3,2,FALSE) -> #N/A
B64: =VLOOKUP(A64,ALMACENES!A2:B3,2,FALSE) -> #N/A | D64: =VLOOKUP(C64,MARCAS!A2:B36,2,FALSE) -> #N/A | F64: =VLOOKUP(E64,UNIDADES!A2:B21,2,FALSE) -> #N/A | H64: =VLOOKUP(G64,CATEGORIAS!A2:B28,2,FALSE) -> #N/A | J64: =VLOOKUP(I64,TIPO_ARTICULOS!A2:B3,2,FALSE) -> #N/A
B65: =VLOOKUP(A65,ALMACENES!A2:B3,2,FALSE) -> #N/A | D65: =VLOOKUP(C65,MARCAS!A2:B36,2,FALSE) -> #N/A | F65: =VLOOKUP(E65,UNIDADES!A2:B21,2,FALSE) -> #N/A | H65: =VLOOKUP(G65,CATEGORIAS!A2:B28,2,FALSE) -> #N/A | J65: =VLOOKUP(I65,TIPO_ARTICULOS!A2:B3,2,FALSE) -> #N/A
B66: =VLOOKUP(A66,ALMACENES!A2:B3,2,FALSE) -> #N/A | D66: =VLOOKUP(C66,MARCAS!A2:B36,2,FALSE) -> #N/A | F66: =VLOOKUP(E66,UNIDADES!A2:B21,2,FALSE) -> #N/A | H66: =VLOOKUP(G66,CATEGORIAS!A2:B28,2,FALSE) -> #N/A | J66: =VLOOKUP(I66,TIPO_ARTICULOS!A2:B3,2,FALSE) -> #N/A
B67: =VLOOKUP(A67,ALMACENES!A2:B3,2,FALSE) -> #N/A | D67: =VLOOKUP(C67,MARCAS!A2:B36,2,FALSE) -> #N/A | F67: =VLOOKUP(E67,UNIDADES!A2:B21,2,FALSE) -> #N/A | H67: =VLOOKUP(G67,CATEGORIAS!A2:B28,2,FALSE) -> #N/A | J67: =VLOOKUP(I67,TIPO_ARTICULOS!A2:B3,2,FALSE) -> #N/A
B68: =VLOOKUP(A68,ALMACENES!A2:B3,2,FALSE) -> #N/A | D68: =VLOOKUP(C68,MARCAS!A2:B36,2,FALSE) -> #N/A | F68: =VLOOKUP(E68,UNIDADES!A2:B21,2,FALSE) -> #N/A | H68: =VLOOKUP(G68,CATEGORIAS!A2:B28,2,FALSE) -> #N/A | J68: =VLOOKUP(I68,TIPO_ARTICULOS!A2:B3,2,FALSE) -> #N/A
B69: =VLOOKUP(A69,ALMACENES!A2:B3,2,FALSE) -> #N/A | D69: =VLOOKUP(C69,MARCAS!A2:B36,2,FALSE) -> #N/A | F69: =VLOOKUP(E69,UNIDADES!A2:B21,2,FALSE) -> #N/A | H69: =VLOOKUP(G69,CATEGORIAS!A2:B28,2,FALSE) -> #N/A | J69: =VLOOKUP(I69,TIPO_ARTICULOS!A2:B3,2,FALSE) -> #N/A
B70: =VLOOKUP(A70,ALMACENES!A2:B3,2,FALSE) -> #N/A | D70: =VLOOKUP(C70,MARCAS!A2:B36,2,FALSE) -> #N/A | F70: =VLOOKUP(E70,UNIDADES!A2:B21,2,FALSE) -> #N/A | H70: =VLOOKUP(G70,CATEGORIAS!A2:B28,2,FALSE) -> #N/A | J70: =VLOOKUP(I70,TIPO_ARTICULOS!A2:B3,2,FALSE) -> #N/A
B71: =VLOOKUP(A71,ALMACENES!A2:B3,2,FALSE) -> #N/A | D71: =VLOOKUP(C71,MARCAS!A2:B36,2,FALSE) -> #N/A | F71: =VLOOKUP(E71,UNIDADES!A2:B21,2,FALSE) -> #N/A | H71: =VLOOKUP(G71,CATEGORIAS!A2:B28,2,FALSE) -> #N/A | J71: =VLOOKUP(I71,TIPO_ARTICULOS!A2:B3,2,FALSE) -> #N/A
B72: =VLOOKUP(A72,ALMACENES!A2:B3,2,FALSE) -> #N/A | D72: =VLOOKUP(C72,MARCAS!A2:B36,2,FALSE) -> #N/A | F72: =VLOOKUP(E72,UNIDADES!A2:B21,2,FALSE) -> #N/A | H72: =VLOOKUP(G72,CATEGORIAS!A2:B28,2,FALSE) -> #N/A | J72: =VLOOKUP(I72,TIPO_ARTICULOS!A2:B3,2,FALSE) -> #N/A
B73: =VLOOKUP(A73,ALMACENES!A2:B3,2,FALSE) -> #N/A | D73: =VLOOKUP(C73,MARCAS!A2:B36,2,FALSE) -> #N/A | F73: =VLOOKUP(E73,UNIDADES!A2:B21,2,FALSE) -> #N/A | H73: =VLOOKUP(G73,CATEGORIAS!A2:B28,2,FALSE) -> #N/A | J73: =VLOOKUP(I73,TIPO_ARTICULOS!A2:B3,2,FALSE) -> #N/A
B74: =VLOOKUP(A74,ALMACENES!A2:B3,2,FALSE) -> #N/A | D74: =VLOOKUP(C74,MARCAS!A2:B36,2,FALSE) -> #N/A | F74: =VLOOKUP(E74,UNIDADES!A2:B21,2,FALSE) -> #N/A | H74: =VLOOKUP(G74,CATEGORIAS!A2:B28,2,FALSE) -> #N/A | J74: =VLOOKUP(I74,TIPO_ARTICULOS!A2:B3,2,FALSE) -> #N/A
B75: =VLOOKUP(A75,ALMACENES!A2:B3,2,FALSE) -> #N/A | D75: =VLOOKUP(C75,MARCAS!A2:B36,2,FALSE) -> #N/A | F75: =VLOOKUP(E75,UNIDADES!A2:B21,2,FALSE) -> #N/A | H75: =VLOOKUP(G75,CATEGORIAS!A2:B28,2,FALSE) -> #N/A | J75: =VLOOKUP(I75,TIPO_ARTICULOS!A2:B3,2,FALSE) -> #N/A
B76: =VLOOKUP(A76,ALMACENES!A2:B3,2,FALSE) -> #N/A | D76: =VLOOKUP(C76,MARCAS!A2:B36,2,FALSE) -> #N/A | F76: =VLOOKUP(E76,UNIDADES!A2:B21,2,FALSE) -> #N/A | H76: =VLOOKUP(G76,CATEGORIAS!A2:B28,2,FALSE) -> #N/A | J76: =VLOOKUP(I76,TIPO_ARTICULOS!A2:B3,2,FALSE) -> #N/A
B77: =VLOOKUP(A77,ALMACENES!A2:B3,2,FALSE) -> #N/A | D77: =VLOOKUP(C77,MARCAS!A2:B36,2,FALSE) -> #N/A | F77: =VLOOKUP(E77,UNIDADES!A2:B21,2,FALSE) -> #N/A | H77: =VLOOKUP(G77,CATEGORIAS!A2:B28,2,FALSE) -> #N/A | J77: =VLOOKUP(I77,TIPO_ARTICULOS!A2:B3,2,FALSE) -> #N/A
B78: =VLOOKUP(A78,ALMACENES!A2:B3,2,FALSE) -> #N/A | D78: =VLOOKUP(C78,MARCAS!A2:B36,2,FALSE) -> #N/A | F78: =VLOOKUP(E78,UNIDADES!A2:B21,2,FALSE) -> #N/A | H78: =VLOOKUP(G78,CATEGORIAS!A2:B28,2,FALSE) -> #N/A | J78: =VLOOKUP(I78,TIPO_ARTICULOS!A2:B3,2,FALSE) -> #N/A
B79: =VLOOKUP(A79,ALMACENES!A2:B3,2,FALSE) -> #N/A | D79: =VLOOKUP(C79,MARCAS!A2:B36,2,FALSE) -> #N/A | F79: =VLOOKUP(E79,UNIDADES!A2:B21,2,FALSE) -> #N/A | H79: =VLOOKUP(G79,CATEGORIAS!A2:B28,2,FALSE) -> #N/A | J79: =VLOOKUP(I79,TIPO_ARTICULOS!A2:B3,2,FALSE) -> #N/A
B80: =VLOOKUP(A80,ALMACENES!A2:B3,2,FALSE) -> #N/A | D80: =VLOOKUP(C80,MARCAS!A2:B36,2,FALSE) -> #N/A | F80: =VLOOKUP(E80,UNIDADES!A2:B21,2,FALSE) -> #N/A | H80: =VLOOKUP(G80,CATEGORIAS!A2:B28,2,FALSE) -> #N/A | J80: =VLOOKUP(I80,TIPO_ARTICULOS!A2:B3,2,FALSE) -> #N/A
B81: =VLOOKUP(A81,ALMACENES!A2:B3,2,FALSE) -> #N/A | D81: =VLOOKUP(C81,MARCAS!A2:B36,2,FALSE) -> #N/A | F81: =VLOOKUP(E81,UNIDADES!A2:B21,2,FALSE) -> #N/A | H81: =VLOOKUP(G81,CATEGORIAS!A2:B28,2,FALSE) -> #N/A | J81: =VLOOKUP(I81,TIPO_ARTICULOS!A2:B3,2,FALSE) -> #N/A
B82: =VLOOKUP(A82,ALMACENES!A2:B3,2,FALSE) -> #N/A | D82: =VLOOKUP(C82,MARCAS!A2:B36,2,FALSE) -> #N/A | F82: =VLOOKUP(E82,UNIDADES!A2:B21,2,FALSE) -> #N/A | H82: =VLOOKUP(G82,CATEGORIAS!A2:B28,2,FALSE) -> #N/A | J82: =VLOOKUP(I82,TIPO_ARTICULOS!A2:B3,2,FALSE) -> #N/A
B83: =VLOOKUP(A83,ALMACENES!A2:B3,2,FALSE) -> #N/A | D83: =VLOOKUP(C83,MARCAS!A2:B36,2,FALSE) -> #N/A | F83: =VLOOKUP(E83,UNIDADES!A2:B21,2,FALSE) -> #N/A | H83: =VLOOKUP(G83,CATEGORIAS!A2:B28,2,FALSE) -> #N/A | J83: =VLOOKUP(I83,TIPO_ARTICULOS!A2:B3,2,FALSE) -> #N/A
B84: =VLOOKUP(A84,ALMACENES!A2:B3,2,FALSE) -> #N/A | D84: =VLOOKUP(C84,MARCAS!A2:B36,2,FALSE) -> #N/A | F84: =VLOOKUP(E84,UNIDADES!A2:B21,2,FALSE) -> #N/A | H84: =VLOOKUP(G84,CATEGORIAS!A2:B28,2,FALSE) -> #N/A | J84: =VLOOKUP(I84,TIPO_ARTICULOS!A2:B3,2,FALSE) -> #N/A
B85: =VLOOKUP(A85,ALMACENES!A2:B3,2,FALSE) -> #N/A | D85: =VLOOKUP(C85,MARCAS!A2:B36,2,FALSE) -> #N/A | F85: =VLOOKUP(E85,UNIDADES!A2:B21,2,FALSE) -> #N/A | H85: =VLOOKUP(G85,CATEGORIAS!A2:B28,2,FALSE) -> #N/A | J85: =VLOOKUP(I85,TIPO_ARTICULOS!A2:B3,2,FALSE) -> #N/A
B86: =VLOOKUP(A86,ALMACENES!A2:B3,2,FALSE) -> #N/A | D86: =VLOOKUP(C86,MARCAS!A2:B36,2,FALSE) -> #N/A | F86: =VLOOKUP(E86,UNIDADES!A2:B21,2,FALSE) -> #N/A | H86: =VLOOKUP(G86,CATEGORIAS!A2:B28,2,FALSE) -> #N/A | J86: =VLOOKUP(I86,TIPO_ARTICULOS!A2:B3,2,FALSE) -> #N/A
B87: =VLOOKUP(A87,ALMACENES!A2:B3,2,FALSE) -> #N/A | D87: =VLOOKUP(C87,MARCAS!A2:B36,2,FALSE) -> #N/A | F87: =VLOOKUP(E87,UNIDADES!A2:B21,2,FALSE) -> #N/A | H87: =VLOOKUP(G87,CATEGORIAS!A2:B28,2,FALSE) -> #N/A | J87: =VLOOKUP(I87,TIPO_ARTICULOS!A2:B3,2,FALSE) -> #N/A
B88: =VLOOKUP(A88,ALMACENES!A2:B3,2,FALSE) -> #N/A | D88: =VLOOKUP(C88,MARCAS!A2:B36,2,FALSE) -> #N/A | F88: =VLOOKUP(E88,UNIDADES!A2:B21,2,FALSE) -> #N/A | H88: =VLOOKUP(G88,CATEGORIAS!A2:B28,2,FALSE) -> #N/A | J88: =VLOOKUP(I88,TIPO_ARTICULOS!A2:B3,2,FALSE) -> #N/A
B89: =VLOOKUP(A89,ALMACENES!A2:B3,2,FALSE) -> #N/A | D89: =VLOOKUP(C89,MARCAS!A2:B36,2,FALSE) -> #N/A | F89: =VLOOKUP(E89,UNIDADES!A2:B21,2,FALSE) -> #N/A | H89: =VLOOKUP(G89,CATEGORIAS!A2:B28,2,FALSE) -> #N/A | J89: =VLOOKUP(I89,TIPO_ARTICULOS!A2:B3,2,FALSE) -> #N/A
B90: =VLOOKUP(A90,ALMACENES!A2:B3,2,FALSE) -> #N/A | D90: =VLOOKUP(C90,MARCAS!A2:B36,2,FALSE) -> #N/A | F90: =VLOOKUP(E90,UNIDADES!A2:B21,2,FALSE) -> #N/A | H90: =VLOOKUP(G90,CATEGORIAS!A2:B28,2,FALSE) -> #N/A | J90: =VLOOKUP(I90,TIPO_ARTICULOS!A2:B3,2,FALSE) -> #N/A
B91: =VLOOKUP(A91,ALMACENES!A2:B3,2,FALSE) -> #N/A | D91: =VLOOKUP(C91,MARCAS!A2:B36,2,FALSE) -> #N/A | F91: =VLOOKUP(E91,UNIDADES!A2:B21,2,FALSE) -> #N/A | H91: =VLOOKUP(G91,CATEGORIAS!A2:B28,2,FALSE) -> #N/A | J91: =VLOOKUP(I91,TIPO_ARTICULOS!A2:B3,2,FALSE) -> #N/A
B92: =VLOOKUP(A92,ALMACENES!A2:B3,2,FALSE) -> #N/A | D92: =VLOOKUP(C92,MARCAS!A2:B36,2,FALSE) -> #N/A | F92: =VLOOKUP(E92,UNIDADES!A2:B21,2,FALSE) -> #N/A | H92: =VLOOKUP(G92,CATEGORIAS!A2:B28,2,FALSE) -> #N/A | J92: =VLOOKUP(I92,TIPO_ARTICULOS!A2:B3,2,FALSE) -> #N/A
B93: =VLOOKUP(A93,ALMACENES!A2:B3,2,FALSE) -> #N/A | D93: =VLOOKUP(C93,MARCAS!A2:B36,2,FALSE) -> #N/A | F93: =VLOOKUP(E93,UNIDADES!A2:B21,2,FALSE) -> #N/A | H93: =VLOOKUP(G93,CATEGORIAS!A2:B28,2,FALSE) -> #N/A | J93: =VLOOKUP(I93,TIPO_ARTICULOS!A2:B3,2,FALSE) -> #N/A
B94: =VLOOKUP(A94,ALMACENES!A2:B3,2,FALSE) -> #N/A | D94: =VLOOKUP(C94,MARCAS!A2:B36,2,FALSE) -> #N/A | F94: =VLOOKUP(E94,UNIDADES!A2:B21,2,FALSE) -> #N/A | H94: =VLOOKUP(G94,CATEGORIAS!A2:B28,2,FALSE) -> #N/A | J94: =VLOOKUP(I94,TIPO_ARTICULOS!A2:B3,2,FALSE) -> #N/A
B95: =VLOOKUP(A95,ALMACENES!A2:B3,2,FALSE) -> #N/A | D95: =VLOOKUP(C95,MARCAS!A2:B36,2,FALSE) -> #N/A | F95: =VLOOKUP(E95,UNIDADES!A2:B21,2,FALSE) -> #N/A | H95: =VLOOKUP(G95,CATEGORIAS!A2:B28,2,FALSE) -> #N/A | J95: =VLOOKUP(I95,TIPO_ARTICULOS!A2:B3,2,FALSE) -> #N/A
B96: =VLOOKUP(A96,ALMACENES!A2:B3,2,FALSE) -> #N/A | D96: =VLOOKUP(C96,MARCAS!A2:B36,2,FALSE) -> #N/A | F96: =VLOOKUP(E96,UNIDADES!A2:B21,2,FALSE) -> #N/A | H96: =VLOOKUP(G96,CATEGORIAS!A2:B28,2,FALSE) -> #N/A | J96: =VLOOKUP(I96,TIPO_ARTICULOS!A2:B3,2,FALSE) -> #N/A
B97: =VLOOKUP(A97,ALMACENES!A2:B3,2,FALSE) -> #N/A | D97: =VLOOKUP(C97,MARCAS!A2:B36,2,FALSE) -> #N/A | F97: =VLOOKUP(E97,UNIDADES!A2:B21,2,FALSE) -> #N/A | H97: =VLOOKUP(G97,CATEGORIAS!A2:B28,2,FALSE) -> #N/A | J97: =VLOOKUP(I97,TIPO_ARTICULOS!A2:B3,2,FALSE) -> #N/A
B98: =VLOOKUP(A98,ALMACENES!A2:B3,2,FALSE) -> #N/A | D98: =VLOOKUP(C98,MARCAS!A2:B36,2,FALSE) -> #N/A | F98: =VLOOKUP(E98,UNIDADES!A2:B21,2,FALSE) -> #N/A | H98: =VLOOKUP(G98,CATEGORIAS!A2:B28,2,FALSE) -> #N/A | J98: =VLOOKUP(I98,TIPO_ARTICULOS!A2:B3,2,FALSE) -> #N/A
B99: =VLOOKUP(A99,ALMACENES!A2:B3,2,FALSE) -> #N/A | D99: =VLOOKUP(C99,MARCAS!A2:B36,2,FALSE) -> #N/A | F99: =VLOOKUP(E99,UNIDADES!A2:B21,2,FALSE) -> #N/A | H99: =VLOOKUP(G99,CATEGORIAS!A2:B28,2,FALSE) -> #N/A | J99: =VLOOKUP(I99,TIPO_ARTICULOS!A2:B3,2,FALSE) -> #N/A
B100: =VLOOKUP(A100,ALMACENES!A2:B3,2,FALSE) -> #N/A | D100: =VLOOKUP(C100,MARCAS!A2:B36,2,FALSE) -> #N/A | F100: =VLOOKUP(E100,UNIDADES!A2:B21,2,FALSE) -> #N/A | H100: =VLOOKUP(G100,CATEGORIAS!A2:B28,2,FALSE) -> #N/A | J100: =VLOOKUP(I100,TIPO_ARTICULOS!A2:B3,2,FALSE) -> #N/A
...
